"","Acinar_cells","Ductal_terminal_ductal_like","Ductal_CRISP3_high-centroacinar_like","Cancer_clone_A","Ductal_MHC_Class_II","Cancer_clone_B","mDCs_A","Ductal_APOL1_high-hypoxic","Tuft_cells","mDCs_B","pDCs","Endocrine_cells","Endothelial_cells","Macrophages_A","Mast_cells","Macrophages_B","T_cells_&_NK_cells","Monocytes","RBCs","Fibroblasts"
"A2M",0,0,0.00249302774356775,0,0,0,1.32787914935649,0.0043082594969488,0.0616717405344407,1.74010843493517,0,0,2.33350401030533,0.614675566655929,0,0.0862566237744185,0,0,0,1.00439413507812
"A2ML1",0,0.00993661913420608,0.00163918835549574,0.0098597311288969,0,0.651250200912088,0,0,0,0,0,0,0,0,0,0,0,0,0,0
"ABCC8",0,0,0,0,0,0,0,0.00426880633376135,0,0,0,0.583101041085226,0,0,0,0,0,0,0,0
"ABI3",0,0,0.00281886851203536,0,0,0,0.896452586267186,0,0,0.50014533139683,0.504342155284122,0,0.817393611040386,0.297961679265323,0,0.251125130000973,0.752169866869536,0.0964919812104008,0,0
"AC116565.1",0,0,0,0,0,0,0,0,0,0,0,0.583101041085226,0,0,0,0,0,0,0,0
"ACKR1",0,0,0,0,0.00808027617342046,0,0,0,0.0411565220852928,0,0,0,1.62726523115098,0,0,0,0,0,0,0
"ACTL6A",0,0.251335827730458,0.230903841777268,1.02019760177339,0.21063461221454,0.318852329346032,0.098808548804452,0.226028557078542,0.0909866907471754,0.21858120415523,0,0,0.468518582037674,0.0748891238970277,0.0956742102741704,0,0.0970812150421964,0,0.0691432547884994,0
"ADAM33",0,0,0,0,0,0,0,0,0,0,0,0,0,0,0,0,0,0,0,0.362066334561813
"ADAMTS12",0,0,0,0,0,0,0,0,0,0,0,0,0,0,0,0,0,0,0,0.350017691807181
"ADAMTS2",0,0,0,0,0,0.00636371536316346,0,0,0,0,0,0,0,0,0,0,0,0,0,0.696696542460556
"ADAMTS3",0,0,0,0,0,0,0,0,0,0,0,0,0,0,0.347238812627452,0,0,0,0,0
"ADAMTSL1",0,0,0,0,0,0,0,0,0,0,0,0,0.222713104688733,0,0,0,0,0,0,0
"ADAP2",0,0,0,0.0170192833290396,0,0,0.899034740215148,0,0,0.678039921407835,0,0,0,0.77157674578486,0,0.431842479028303,0,0.119385518676487,0,0
"ADGRL4",0,0,0,0,0,0,0,0,0,0,0,0,1.74182861472073,0,0,0,0,0,0,0
"ADM",0,0.394191047899735,0.487815787487056,0.189667334376161,0.510667413560693,0.0527672689112823,0,1.26230979293241,0.326003784181449,0,0.226765468099383,0,0.428330528588563,1.13870039621812,0.205296703517156,0.273737789685592,0.0564631661789809,0.623525276742979,0,1.76347692180225
"ADORA3",0,0,0,0,0,0,0.53219189257656,0,0,0.161182063061626,0,0,0,0.367847542638698,0.328148623515823,0,0,0,0,0
"ADRA2A",0,0.438358061652499,0.902888831174941,0.0883439212854277,0.445623742295689,0.0150373264796064,0,0.248297997868078,0,0.0409261206195729,0,0,0,0,0,0,0,0,0,0
"AFF3",0,0,0.00262585216441345,0,0,0,0.160579352942558,0,0,0.0409261206195729,0.328059666276041,0,0,0,0,0,0,0,0,0
"AGR2",0,2.5229147135593,1.49517207395703,1.09497536414633,1.63615134573031,0.725665408216686,0.130121578534278,1.25043367550902,0,0,0,0,0,0,0,0,0,0,0.0691432547884994,0
"AHNAK2",0,0.0850152898343431,0.0320198354795263,0.777535031313257,0.0589105859001918,0.832259078850756,0.130121578534278,0.105435962453791,0,0,0,0,0.176791918922207,0,0,0.0916169387082397,0,0,0,0
"AIF1",0,0.0094781432889401,0.00420512615062182,0,0,0,1.88762220298361,0.00664323483220334,0.0560838157818414,1.4725490419795,0.458464249498126,0,0,1.17616613039308,0.0956742102741704,1.30923655860287,0,1.06160673919706,0,0
"AKR1B10",0,1.35862280429487,0.490173240321204,0.144259081477407,0.991646024633537,0.0259582087846014,0,1.04914460797497,0,0,0,0,0,0,0,0,0,0,0.118000763571294,0
"AKR7A3",0.329645763387249,0.56752227938913,0.179009373768455,0.12327437558224,0.342482370863666,0.0164753602832584,0,0.164843054691393,0.063816158890403,0.0340364755092555,0,0,0,0,0,0,0,0,0,0
"ALAS2",0,0,0,0,0,0,0,0,0,0,0,0,0,0,0,0,0,0,1.13399362398222,0
"ALDOB",0.203507795269901,0.311311388702721,1.45704567088654,0.101452282057143,0.628777483930427,0.027683294467349,0,0.409737213826301,0.0541845617434938,0,0,0,0,0,0,0,0,0,0,0
"ALOX12B",0,0,0,0,0.00431588279551856,0,0,0,0.349967784630669,0,0,0,0,0,0,0,0,0,0,0
"AMER2",0,0,0,0,0,0,0,0,0,0,0,0.59312257897763,0,0,0,0,0,0,0,0
"AMHR2",0,0,0,0,0,0,0,0,0,0,0,0,0,0,0.418185178801785,0,0,0,0,0
"AMY1A",3.61715323662397,0.00911096138875749,0.0261798794208808,0.0433155211722182,0.0347750839212793,0.0441452043191738,0,0.0612720307121095,0,0.0827197948609544,0,0,0,0,0,0,0.0565593123484131,0,0,0
"AMY1B",3.60268412693485,0.0203155218102148,0.0367698599594965,0.0262749668093848,0.0391400986641395,0.00936326530861423,0,0.0458863024007095,0.02930487283413,0.0272968387894663,0,0,0,0,0,0,0.0985474084838067,0,0,0
"AMY1C",3.54910081244427,0.00911096138875749,0.010033300544479,0,0.00927513789135228,0,0,0.0241528528587112,0,0.0272968387894663,0,0,0,0,0,0,0,0,0,0
"AMY2A",3.63487495558117,0.0609233988080755,0.0823157630918948,0.0743731481951429,0.0561311968055817,0.0530497777215072,0,0.157024592698413,0,0.0769597433868588,0,0.405494431471573,0.178733065010571,0.149181740102266,0.0907531051769553,0,0.161674895644754,0,0,0
"AMY2B",3.65193421103488,0.115959179455573,0.0704632527935006,0.198467248094311,0.0933986806972313,0.0307387470322153,0,0.124865510340287,0.081601704729294,0.0272968387894663,0,0,0,0,0.0907531051769553,0.0863447217676863,0.16679621845796,0,0,0
"ANGPTL4",0.0221044185935683,0.239714773190044,0.129176261163484,0.0687775300947227,0.259633713372806,0.00797703817551048,0,0.824918526413856,0,0,0,0,0,0.365461446234336,0.0976815360319498,0.573857627959999,0,0,0,0.647653114677684
"ANTXR1",0,0,0,0,0,0.00518312204591074,0.139401070031103,0.00300776957193954,0.0593861581474087,0.0474571961078935,0,0,0,0.143990857934269,0,0,0,0,0,1.98761986522052
"ANXA10",0,0.75398352789456,0.25990723193548,0.577521623971544,0.369266454750209,0.131996910546979,0,0.245386421803321,0,0,0,0,0,0,0,0,0,0,0,0
"ANXA13",0,1.17322916246876,0.571700992983091,0.0646040090696871,1.18743668621721,0.0308485749450888,0,0.794516070691872,1.25733752062013,0,0,0.773288701707075,0,0,0,0,0,0,0,0
"ANXA4",0,3.52407178188171,3.58176437619201,1.56688784136912,3.52819137171805,1.49410267441508,0.595262453402881,2.9420525078567,3.12187758543363,0.190808962276945,0.123630897568509,0.59312257897763,0.232273646130485,0.661735253689406,0.617547920857551,0.25907528736787,0.210477589946038,0.103813108185752,0.371446280661109,0.536626834110597
"ANXA8",0,0.0478544906328474,0,0.11001289508691,0.00909902124025387,0.609949581113158,0,0.0395190796438846,0,0,0,0,0.125931388997316,0,0,0,0,0,0,0
"ANXA8L1",0,0.0159144718460897,0.00186921646263236,0.042083599476214,0.00752227054920593,0.439732029532071,0,0,0,0,0,0,0.125931388997316,0,0,0,0,0,0,0
"APBB1IP",0,0.0158603510520071,0,0,0.00840413263740536,0,1.1889783583217,0,0,0.427027361093237,0.520987282883267,0,0,0.440341418287239,0.0896236238265017,0.0863447217676863,0.478249945722464,0.611493653769031,0,0
"APCDD1",0.0750817462287845,0.196158431689435,0.617618911879673,0.067540934353041,0.159133783487472,0.0949168144305949,0,0.135498994250745,0.138870372476555,0,0,0,0.87566551739741,0,0,0,0,0,0,0.89869316867241
"APCS",0,0.77722468945348,2.29678995543828,0.06342823527399,2.33753781507556,0.0427377239541506,0.0942586778062249,1.08462689421363,0.0498301686618826,0,0,0,0.161611970833799,0.113244370651406,0,0.153313469871262,0.0573854150878858,0,0.118000763571294,0
"APLNR",0,0,0,0,0,0,0,0,0,0,0,0,0.819542132454402,0,0,0,0,0,0,0
"APOL2",0,0.427380217697653,0.528800116613199,0.60630738190384,0.628767470512896,0.418016610077215,0.202664869886803,1.26156208327953,0.143636587626847,0,0,0,0,0.079524129890783,0.104958684783573,0.344311134683406,0.061031872345877,0,0.0691432547884994,0.362066334561813
"AQP12A",0.0971861648223528,0,0,0,0,0.00694284954974095,0,0,0,0,0,0,0,0,0,0,0,0,0,0
"AQP12B",0.114336066535897,0,0,0,0,0.00694284954974095,0,0,0,0,0,0,0,0,0,0,0,0,0,0
"AQP3",0.0392543203071125,1.81672451497311,3.06742060076635,0.112857701029174,2.23302096181895,0.261281459467153,0.0632637998557001,1.58230543129227,0.159777740377768,0,0.1688261194431,0.405494431471573,0.251934290681652,0.0523402812671588,0.434828447694009,0,0.383263946467326,0,0.347362483337681,0
"AQP5",0,1.26499917113703,0.834709046412458,0.318199571182112,0.94292236631274,0.254695945134715,0,0.26954181768979,0.461565609177971,0,0,0,0,0,0,0,0.0590141060132669,0,0.102347670692852,0
"AQP8",1.09466359615666,0,0.00255746155617119,0,0,0,0,0,0,0,0,0,0,0,0,0,0.0520561648151861,0,0,0
"AQP9",0,0.0028519602864702,0.00789365701552324,0,0,0.0112291748088998,0.0942586778062249,0,0,0,0,0,0.188683088933015,1.09666780880508,0,1.58848595504522,0,1.16004721625439,0,0
"ARG1",0,0,0,0,0,0,0,0,0,0,0,0,0,0,0,0,0,0.378564297405902,0,0
"ARHGDIG",0.0967175589219701,0,0.00192123608962649,0,0,0,0,0,0,0,0,0,0,0,0,0,0,0,0,0
"ARX",0,0,0.0097071018935447,0,0,0,0,0.00461200002212947,0,0,0,1.3664112806847,0,0,0.0777184357849585,0,0,0,0,0
"ASGR2",0,0.0102874375228985,0.00327457513744499,0,0.0128147202536763,0,0.474503821816473,0.00637795267447922,0,0,0,0,0,0,0,0,0,0,0,0
"ASPN",0,0,0,0,0,0,0.0632637998557001,0,0,0,0,0,0,0,0,0,0,0,0,0.889147560575694
"ASTN1",0,0,0,0,0,0,0,0,0,0,0,0.405494431471573,0,0,0,0,0,0,0,0
"ATP1B1",0.0392543203071125,3.16581833247226,3.30675266163367,1.91895195581222,2.97739494248421,1.50735692485001,0.348315965781785,2.56290702138516,1.42153438481872,0.382088329162213,0.298873527131902,0.583101041085226,0.251934290681652,0.153697380562694,0.823119036623419,0.25144768873926,0.165188285865303,0.102446245270893,0.154207363809586,0
"AZIN2",0,0.0118034514620151,0.0014839808255066,0.00742902293734298,0.0157009797370571,0,0,0,0.0509243209882068,0,0.404077034498189,0,0.161611970833799,0,0,0,0,0,0,0
"B4GALNT4",0,0,0.00759756455656485,0,0,0,0,0.0112153667776374,0.646993450935261,0,0,0,0,0,0,0,0,0,0,0
"BCAT1",0.143205432268929,0.00398827326993712,0.0060560289099899,0.0476387404261136,0,0.947052574380104,0.595405293481677,0,0,0.330176851068529,0.0958475706475065,0,0.54052302766209,0.567544530852312,0.555453626499848,0.944772567438568,0,0.0870048595311382,0,0.285586780115871
"BCL6B",0,0,0,0,0,0,0,0,0,0,0,0,0.695968433815325,0,0,0,0,0,0,0
"BEX1",0,0.0166224462617359,0.00606646791985047,0,0.00489666395850378,0,0,0.0043082594969488,0,0,0,2.15117953204582,0,0,0,0,0,0,0,0
"BEX5",0,0.3297028422385,0.750801728073718,0.0208426650475888,0.328311832625452,0.0426532075996874,0,0.147931154123385,0,0.0302693901069854,0,0,0,0,0,0,0,0,0,0
"BMX",0,0.00510862652241643,0.00849931164829112,0.00380632162423219,0.0277153266789526,0,0.0882326152402247,0.00685617230471509,3.41671434474534,0,0,0,0,0,0,0,0,0.132266627848058,0,0
"C1QA",0,0.00557779946705288,0.0121234434906158,0.0163771171849821,0.00515523496604029,0.00478493158249142,2.49234933099264,0.0118606807091583,0,3.65520453231643,0.1688261194431,0,0,2.39024454670397,0,0,0,0,0.10761701761221,0
"C1QB",0,0.00716070255242748,0.0125306405111739,0,0.0049707661961615,0.00912685940663559,2.74886368645502,0,0.0554903715112679,3.59642516535104,0.217737073005696,0,0,1.91064885154781,0,0,0,0,0,0
"C1QC",0,0,0,0,0.00488295336695417,0,2.08348250410784,0,0,2.9989764843777,0.197105279352537,0,0,1.82038542797197,0,0,0.0594977294107147,0,0,0
"C1orf162",0,0,0.00236278478602005,0.00380632162423219,0,0,1.21190813486882,0.0043082594969488,0,1.10619877382906,0.101896905642916,0,0,0.998805348370713,0.81198540585759,0.811969397037169,0.273954839766078,1.02094160145708,0,0
"C2orf54",0,0,0,0.0497339825009844,0,0.311744428883967,0,0,0.0607722221295085,0,0,0,0,0,0,0,0,0,0,0
"C6",0,0.214160245195265,1.26376105307072,0.0185913579975632,0.53402332209751,0.0073691939323257,0,0.117551007923114,0.02930487283413,0,0,0,0,0.0721740046773515,0,0,0.0540779872134662,0,0,0
"C6orf58",0,0,0,0,0,0,0,0,0,0,0,0.59312257897763,0,0,0,0,0,0,0,0
"CA9",0,1.00324887037082,0.233947817434652,0.326212214605405,0.496910253439333,0.00636371536316346,0.0882326152402247,1.40161659577761,0.102189792297911,0.0409261206195729,0,0,0,0,0,0,0,0,0,0.285586780115871
"CABP7",0,0,0,0,0,0,0,0,0,0,0,0.405494431471573,0,0,0,0,0,0,0,0
"CACNA2D1",0,0,0.00776995288486096,0.0098306219231256,0.00453320943896735,0,0,0,0.0639075298795793,0,0,0,0,0,0.6386648683725,0,0,0,0,0.466810249813482
"CALB1",0,0,0,0,0,0.00707328394316504,0,0,0,0,0,0.405494431471573,0,0,0,0,0,0,0,0
"CALCRL",0,0,0.00519730016610539,0,0.0107907007125834,0,0,0,0,0,0.176756072935724,0,1.56739530794269,0.0833188419814567,0,0,0,0,0,0
"CALML3",0,0,0,0,0,0,0,0,0,0,0,0.405494431471573,0,0,0,0,0,0,0,0
"CALY",0,0,0,0,0,0,0,0,0,0,0,1.61789750728753,0,0,0,0,0,0,0,0
"CAMK2N2",0.197120722042615,0.00308800413120532,0.00277724756545056,0,0,0,0.111309072027649,0.00608499741505993,0,0,0,0,0,0.0306972450876012,0,0,0,0,0,0
"CAVIN2",0,0,0,0,0,0,0,0,0,0,0,0,0.743626184379848,0,0.489419376146969,0,0,0,0,0
"CCDC129",0,0.00442886389398888,0,0,0.00897437277090018,0,0,0.00685617230471509,1.37513708861209,0,0,0,0,0,0,0,0,0,0,0
"CCDC181",0,0.0257195711238605,0.0665302313110923,0,0.0494867278430141,0,0,0.0119424922642984,0.0328508222557431,0,0,0,0,0,0,0,0,0,0,0
"CCDC3",0,0.00609627113153087,0.00284899428954242,0,0.00599204726482026,0.0140839224811341,0,0.00300776957193954,0.105064360369279,0,0,0,0.885221612380776,0,0,0,0,0,0,0
"CCDC50",0.0750817462287845,0.328395108335303,0.357114924180288,1.22922230082501,0.407109757356985,0.456427141171755,0.240085443476083,0.27856581255785,0.231069061861495,0.45044661029923,1.33304956312171,0.405494431471573,1.16947326372181,0.275082465297292,0.141442407859301,0,0.0395771894958905,0,0,0
"CCDC80",0,0,0,0,0.00306553364663228,0.00761217936077731,0,0,0,0,0,0,0.178829178013958,0,0,0,0,0,0,2.031718287274
"CCDC88A",0,0.0224383324726949,0.00682177004300254,0.0526384047857355,0.00994498888289791,0.0926898369896928,1.4279056676054,0,0.0569637608801345,0.596678317510192,1.2149372086097,0,0.178733065010571,0.735767391327749,0.777330318841061,0.580434178116809,0.0476424464422457,0.576802698859965,0,0
"CCL13",0,0,0,0,0,0,0,0,0,0,0,0,0,0.201099575370306,0,0,0,0,0,0
"CCL18",0,0,0,0,0,0,0,0,0.0582793209232767,0,0,0,0,0.864711561122378,0,0.117362133700541,0,0,0,0
"CCL2",0,0.0156107146482655,0,0.021287615461049,0.0187924108152958,0,0.142748215947912,0.0135861139051585,0,0.0704498401207054,0,0,0,0.650457853909861,0.20367787055324,0.613762042605971,0,0,0,0.362066334561813
"CCL5",0,0.0142151641113895,0.0115292478627775,0.00618034489131416,0.0262983010528548,0.0107534146348123,0.116439077272934,0.00687555551930948,0,0.0474571961078935,0,0,0,0,0,0,3.00213419206799,0,0,0
"CCM2L",0,0,0,0,0.00431588279551856,0,0,0.0102965089569668,0.957887544478611,0,0,0,0.329739234091953,0,0,0,0,0,0,0
"CCR1",0,0.0017679678958164,0.00328202339382499,0.0107372790731314,0,0.010042514855843,0.9138228877281,0,0,0.55120237235995,0,0,0.188683088933015,1.06789687714705,0,0.621206633381547,0.327645389606429,0.704999398752387,0,0
"CD163",0,0.00975460394663254,0.00213577722554955,0,0,0.00594947083310937,1.44608559621234,0,0,1.87201114413258,0,0,0,2.15949661463473,0,0.712601188642144,0,0.792561297497447,0,0
"CD1A",0,0,0,0,0,0,0,0,0,0.0302693901069854,0.286071276550053,0,0,0,0,0,0,0,0,0
"CD1C",0,0,0,0,0,0,0.369105829710362,0,0,0,0,0,0,0,0,0,0,0,0,0
"CD2",0,0,0.00439636566119974,0,0,0,0,0,0,0,0,0,0,0,0,0,1.55504542778381,0,0,0
"CD200",0,0,0,0,0,0,0,0,0,0,0,1.20028422072509,0.377390627300133,0,0,0,0,0,0,0
"CD22",0,0.00886349856306549,0.0116293335846338,0.0222353228947119,0.0196254729763816,0,0,0.0214352818501528,0,0.048761151188271,0,0,0,0,1.08581384551984,0.0976005491678801,0,0,0.10678679058568,0
"CD300E",0,0,0,0,0,0,0,0.00664323483220334,0,0.165305521862963,0,0,0,0.868333439371577,0,0.918326216105503,0,0.554917323990855,0,0
"CD300LB",0,0,0,0,0,0,0,0,0,0.0302693901069854,0.101896905642916,0,0,0,0,0.408946664882175,0,0.113418535518637,0,0
"CD34",0,0,0.0027988672894139,0,0.0109172221441466,0.00521301287144251,0,0.017546522159321,0,0,0,0,1.6110823226954,0.0441918788094265,0,0,0,0,0,0.789613693770567
"CD3D",0,0.00373006557079393,0,0,0,0,0,0,0,0,0.217737073005696,0,0,0,0,0,0.820943077796563,0,0,0
"CD3E",0,0,0,0,0.00520320211635903,0,0,0,0,0,0.123630897568509,0,0,0,0,0,0.87483771336045,0,0,0
"CD7",0,0.0277756728966464,0.00406226717613754,0,0.0647787042274564,0,0,0.0117057738816294,0.145687449489426,0,0.264673690090607,0,0.122241762588028,0,0.0871432124685913,0,2.38943615795851,0,0,0
"CD74",0.15355689946976,2.82341926321922,3.09097820594833,1.26288894887605,3.53870211193874,1.99474674865894,5.29389338100943,3.16808676125101,1.34936797933414,5.77393869687971,5.24800480016754,0,2.60155440904356,4.72837854488582,1.41791703199328,4.27301663042486,1.95480471711402,1.92977578172329,0.285553580339084,0
"CD8A",0,0,0,0,0,0.00476936089646971,0,0,0,0,0,0,0,0,0,0,0.973065722298951,0,0,0
"CD8B",0,0,0,0,0,0,0,0,0,0.048761151188271,0,0,0,0,0,0,0.708598222290194,0,0,0
"CD93",0,0.00430996306850596,0,0,0.00599204726482026,0,1.1126281333114,0.0106159456775736,0,0.926521830935573,0.25367830525731,0,1.6296661454788,0.660697350074448,0,0.88518200867008,0,1.08568882972203,0,0
"CD96",0,0.00237854595423887,0.00412188550871124,0,0,0.00844023978854262,0,0,0,0,0.1688261194431,0,0,0,0,0,0.787513447138796,0,0,0
"CDH11",0,0,0,0,0,0.0241318442742059,0,0,0,0,0,0,0,0,0,0,0,0,0,0.752397029929353
"CDH5",0,0,0,0,0.0048110449395404,0.00735138543119868,0,0,0,0,0,0,1.1684203617429,0,0,0,0,0,0,0
"CDK15",0,0,0,0,0,0,0,0,0,0,0,0,0,0,0.447697506936081,0,0,0,0,0
"CDK5R2",0,0,0,0,0,0,0,0,0,0,0,0.794789789253519,0,0,0,0,0,0,0,0
"CEACAM6",0,3.64675969109736,3.10294779700934,2.5255791102685,3.3105050901085,0.342950127914514,0.0942586778062249,3.59464866882515,0.108574297620732,0.0409261206195729,0,0,0.188683088933015,0.0692691580429016,0,0.0989638350826053,0.215791130331176,0,0.201308572631723,0
"CEACAM7",0,0.167785570473067,1.00307269841916,0.0943076247305951,0.41755701142633,0.0184022514907465,0.0632637998557001,0.449891527223439,0,0,0,0,0,0,0,0,0,0,0.118000763571294,0
"CEL",3.53181178665166,0.00286142214051527,0.00188867038788321,0.0091065582720414,0,0,0,0,0,0,0,0,0,0,0,0,0,0,0,0
"CELA2A",3.30582714584767,0,0,0,0,0.00601038258274126,0,0,0,0,0,0,0,0,0,0,0,0,0,0
"CELA2B",3.93088608932557,0.00411493121368498,0.00163316110915704,0,0.00762652645123863,0,0,0,0,0,0,0,0,0,0,0,0,0,0,0
"CELA3A",6.2070249086026,0.0144152700864385,0.00674487854077312,0,0.0102860183381034,0.00804051610835413,0,0.012388556524834,0.0582793209232767,0,0,0,0,0,0,0,0,0,0,0
"CELA3B",5.55821572725925,0.00446003644295039,0.00253990845224479,0,0,0,0,0,0,0.0409132847042769,0,0,0,0,0,0.0904125825340387,0,0,0,0
"CES1",0,1.30532381392137,2.1724838201634,0.0502154235860698,1.72963979018369,0.00329627541553321,0.130121578534278,0.985097458775118,0.709959890459269,0,0,0,0,0.213860895992351,0,0,0.0550554475059762,0.221344094444517,0,0
"CFC1",0,0,0,0,0,0,0,0,0,0,0,1.77190571215628,0,0,0,0,0,0,0,0
"CFC1B",0,0,0,0,0,0,0,0,0,0,0,2.02356166120531,0,0,0,0,0,0,0,0
"CFTR",0,0.222199248484212,0.910731806994,0.118726458259183,0.424868152743723,0.040266921701922,0,0.135126567221675,0,0,0,0,0,0,0,0,0,0,0,0
"CHGA",0,0,0.00225749579559547,0,0,0.0097928008394408,0,0,0,0,0,1.55711815508836,0,0,0,0,0,0,0,0
"CHGB",0.0221044185935683,0,0,0,0,0,0,0,0.02930487283413,0,0,2.79338207980949,0,0,0,0,0,0,0,0
"CHST1",0,0,0.00469611771959631,0,0.00431588279551856,0,0,0,0.467466690844527,0,0,0,0,0,0,0,0,0,0,0
"CKMT1A",0.0221044185935683,0.659854232623919,0.203660277931371,0.0870712272263938,0.331795439976359,0.157076667866496,0,0.300071300908652,0.114363136705118,0,0,0,0,0.105278617370409,0,0,0,0,0,0
"CKMT1B",0.0221044185935683,0.728206773300888,0.235836843378003,0.0721801497482829,0.375793559652512,0.16927633668547,0,0.338635075553301,0.114363136705118,0,0,0,0,0,0,0,0,0,0,0
"CLDN1",0,0.685178060058651,0.441620714382748,2.53844362951409,0.716699147140346,0.928982544107106,0,1.29968271429392,0.311494169589586,0.0474571961078935,0,0,0.176791918922207,0.0692691580429016,0,0,0.0594977294107147,0,0.345480971788973,0.613143975697346
"CLDN18",0,0.0114111728086691,0.0225633993704351,0.461539559688443,0,0.187444967126225,0,0.00535949737267859,0,0,0,0,0,0,0,0,0,0,0,0
"CLDN2",0.372940683009142,0.793899373605205,2.07151553472849,0.268316081683145,0.817386210768578,0.184389723017041,0,0.101204622256696,0,0.0704498401207054,0,0,0,0.0523402812671588,0,0,0.0419880961353936,0,0.308395537832048,0
"CLDN5",0,0,0,0,0.00599204726482026,0,0,0,0.0498301686618826,0,0,0,1.57185223700717,0,0,0,0,0,0,0
"CLEC12A",0,0,0,0,0,0,0,0.00637795267447922,0,0,0,0,0,0,0.0777184357849585,0,0,0.451039845178783,0,0
"CLEC14A",0,0,0,0,0,0,0,0,0,0,0,0,1.22774668368656,0,0,0,0,0,0,0
"CLEC4C",0,0,0,0,0,0,0,0,0,0,0.54367712498921,0,0,0,0,0,0,0,0,0
"CLEC5A",0,0,0.00163316110915704,0,0,0,0.746812456011129,0,0,0.170970296369988,0,0,0,1.0177961084611,0,1.18401468422969,0.0594977294107147,0,0,0
"CLEC7A",0,0.0017679678958164,0,0,0,0.0308441616918613,0.964521793252459,0,0.077008779490705,0.735328332213036,0.225527803211424,0,0.248173151585344,0.986750750868885,0,0.836276577932793,0.0395771894958905,0.173995236657691,0,0
"CLMP",0,0,0,0,0,0,0,0,0,0,0,0,0,0,0,0,0,0,0,0.536626834110597
"CLPS",5.46338079899555,0.0139266229367281,0.015692815978717,0.0205400442404492,0.0204152440765627,0.0142122420673405,0,0.0162591125634636,0,0,0,0,0,0,0,0,0.0540779872134662,0,0,0
"CLPSL1",0.300274357619991,0,0,0.00724700383663428,0,0,0,0,0,0,0,0,0,0,0,0,0,0,0,0
"CMTM2",0,0.00611904344635844,0,0,0,0.00227883620179801,0,0,0,0,0,0,0.188683088933015,0,0,0,0,0.643966348606074,0,0
"CNIH3",0.159748750901061,0.0029505779320893,0.00237223056162862,0,0,0,0,0,0.474658094829723,0,0,0,0,0,0,0,0,0,0,0
"CNTNAP5",0,0,0,0,0,0,0,0,0,0,0,0.583101041085226,0,0,0,0,0,0,0,0
"COL10A1",0,0,0,0,0,0,0,0,0,0,0,0,0,0,0,0,0,0,0,1.03422140326023
"COL15A1",0,0.00557779946705288,0,0,0.00400363464214286,0.0113255176375808,0,0.00831829717442641,0,0,0,0,1.97681498887661,0,0,0,0,0,0,0.558691677001434
"COL17A1",0.0536480349739883,0.033285948584436,0.00744307501975352,1.12167743639994,0.0193272261529967,1.33817504872953,0,0.0331228867356332,0,0,0,0,0.105747233119793,0,0,0,0,0.136377086235493,0.0691432547884994,0
"COL1A2",0,0.00457929024708865,0.00226816366080102,0,0.0126490082235821,0,0,0,0,0,0,0,0,0,0,0.0557129207033823,0,0,0,4.41630882043118
"COL26A1",0,0,0,0,0,0,0,0,0,0,0.360833338163612,0,0,0,0,0,0,0,0,0
"COL4A1",0,0.0029757673859657,0.00304241571348601,0,0,0.0155332528379785,0,0,0,0,0,0,1.7698061232617,0,0,0,0,0,0,1.3553089295654
"COL4A2",0,0.016937838665288,0.00909561310288682,0,0.0214092205244225,0.0324813313723223,0,0,0,0,0,0,2.43458270547622,0,0,0,0,0,0,0.483627775815003
"COL5A1",0,0,0,0,0,0.0258569973574837,0,0,0,0,0,0,0,0,0,0,0,0,0,1.98613083026326
"COL5A2",0,0,0.00660231701853318,0.00950215402911498,0.00691373220400529,0.0359130585596084,0,0,0,0,0,0,0.153316403625507,0,0,0,0,0,0,2.38957563771151
"COL6A2",0,0.00744299862887511,0.00804401141751124,0.0286638561636965,0.0049358631313312,1.23779672424534,0,0,0,0,0,0,0.847236667725296,0,0,0,0,0,0,3.52072781865395
"COL6A3",0,0.00817473934305694,0,0,0,0.00766918279866118,0,0,0,0,0,0,0,0,0,0,0.154987579969561,0,0,3.56256034046496
"CORO2B",0,0.00643916282801641,0.025559833420946,0.013089851247848,0.015937384845851,0,0,0.00874126441604107,1.79766091602983,0,0,0,0,0,0,0,0,0,0,0
"COX6A1",0.177175013069548,1.41564885236471,0.952250417913372,1.02177855703896,0.984172272730119,0.929944996079551,1.24907041936721,0.691305356006704,0.865905553783429,0.968614785622734,0.786822909999439,0.405494431471573,0.977135221588266,0.64539757097964,0.21486904828408,0.497021570481106,1.02246156347433,0.183496840741539,0.102347670692852,0.811410177549996
"CPA1",6.17270877033288,0.0127427845585493,0.0133596123724691,0.0218634697926547,0.0127005165572901,0.0198507439691554,0.0942586778062249,0.0195301351045468,0,0,0,0,0,0,0,0.0976005491678801,0.0594977294107147,0,0,0
"CPA2",3.84418265864536,0,0,0,0.00689869215469584,0,0,0,0,0,0,0,0,0,0,0,0,0,0,0
"CPA3",0.0460192674465759,0,0.0028397229930779,0,0,0,0,0.0164466962673392,0,0,0,0,0,0,5.22155734882586,0,0,0,0,0
"CPA5",4.03591448858767,0,0.00163316110915704,0,0,0,0,0,0,0,0.123630897568509,0,0,0,0,0,0.0541975776257708,0,0,0
"CPB1",6.45984786453137,0.0385859137256845,0.0469412295078989,0.0334267791820809,0.0591697202230151,0.0196932041394991,0.0632637998557001,0.0351888937993118,0.2801485854095,0,0,0.405494431471573,0.105747233119793,0.0441918788094265,0.163809562501572,0,0.0579759815442918,0,0,0
"CPLX2",0,0,0,0,0,0,0,0,0,0,0,0.405494431471573,0,0,0,0,0,0,0,0
"CPM",0,1.49863666784748,1.26545217918016,0.0604993187014238,1.48485559023996,0.0459597698879286,0.0882326152402247,1.16473468294727,0.0436503380914715,0.73686951695531,0.143991292089861,0,0.172562113564292,0.616021297682314,0.567150667445478,0.460830945008469,0.0395771894958905,0.36206670484973,0,0
"CR1",0,0,0,0,0,0,0,0,0,0,0,0,0,0.0537607587922102,0,0.117362133700541,0,0.360354295507735,0,0
"CRABP2",0,0.0431791117334846,0.0151166104662563,0.11060838627915,0.0123100066018354,1.20857490587467,0,0.0458941037003015,0,0,0,0,0.251934290681652,0,0,0,0,0,0,0.647653114677684
"CRISP3",0.192811219776872,2.0040310705402,4.10567184716711,0.20128483821666,2.0945265175436,0.131784235693141,0.167586368871679,1.23581349915626,0.389946269403361,0.0657214512662267,0,0,0,0.0963649030532787,0,0.0976005491678801,0.0868275996187087,0.379588313189178,0.183205909646232,0
"CRP",0,0.23691705810149,1.8733051819362,0.0524408051940982,1.42915317498329,0,0.0942586778062249,0.400195407588954,0,0,0,0,0,0,0,0,0,0.11654266314285,0.215530686150057,0
"CRYBB1",0,0,0,0,0,0,0.198581246822204,0,0,0,0,0,0,0.0791924519197312,0,0,0,0,0,0
"CSF1R",0,0.00363275989470821,0.00372159871125639,0,0,0,2.25178743475654,0,0,2.16028912520836,0,0,0,0.974017217712381,0,1.25051224766808,0.0594977294107147,0.362875108969375,0,0
"CST1",0,0.673590958372539,0.00950075542210318,0.132072866041022,0.300562703161265,0.0615667895047154,0,0.148324757573149,0.0583225847230302,0,0,0,0,0,0,0,0,0.0964919812104008,0,0
"CST2",0,0.602547377463076,0.00889826236436166,0.134201264225221,0.231256743041531,0.0660068494954209,0,0.124028890067926,0.0411565220852928,0,0.143991292089861,0,0,0,0,0,0,0.126946927150039,0,0.422337310762212
"CST3",1.06175832340101,2.44333371647748,2.36500460814655,2.29030577838538,2.88476945315579,1.93475622410684,3.31268650134023,2.57655575712789,2.07919131837297,3.33860463225566,1.9058537988975,1.3563897427923,1.62876208808742,2.7123653039997,2.14884491218616,2.72840685610295,0.220900945672777,1.72052122023666,0.176760272400709,2.11228887906947
"CST4",0,0.64063861526073,0.0286887963193636,0.143610428575039,0.266990996481453,0.071308677447603,0,0.155017977821023,0.116601905646307,0,0,0,0,0.0824695870308089,0,0,0,0,0,0.422337310762212
"CST6",0,0.0111669846915557,0.00505258454951796,0.0715821870302501,0.0091402757789284,0.68019544393601,0,0.0295631959804544,0,0.0389713893508475,0,0.405494431471573,0,0,0,0.29568459698651,0.0625193806366726,0,0,0
"CTRB1",6.45457584196388,0.00442302473060487,0.00974532326969447,0.0189532852622152,0.0184246587985682,0.0139474119471992,0.139401070031103,0.0251644322206938,0.0497326119593055,0,0,0,0,0,0,0,0,0,0,0
"CTRB2",6.62610444511654,0.020281887271602,0.0298119728826045,0.021298080902158,0.0113489340353027,0.0284517912417276,0.202664869886803,0.026776471810215,0.0607722221295085,0,0,0,0,0,0,0.0863447217676863,0,0,0,0
"CTRC",3.51328636287224,0.00404200908969231,0.00297930449961771,0,0.0138389521724867,0.00550898931429793,0,0,0,0,0,0,0,0,0.0871432124685913,0,0,0,0,0
"CTSE",0.0221044185935683,1.05265108204144,0.212110429056538,1.95523205329749,0.280964288643123,1.5569300564312,0.104680518415626,0.322812109473268,0.284662782184535,0,0,0,0.188683088933015,0,0,0,0.0520715386911024,0.238799418801595,0.140960274393129,0
"CTSG",0,0,0,0,0,0,0,0,0,0,0,0,0,0,0.298247998372212,0,0,0,0,0
"CTSK",0,0.00659339306253758,0.00788283781222697,0.0261423909507191,0.0103777656727482,0.00731605766708029,0,0.0249847744598402,0,0,0,0,0,0.0766703914192145,0,0.0862038696784693,0,0.129111825337547,0,2.86013716958761
"CTXN2",0,0,0,0,0,0,0,0,0,0,0,0.405494431471573,0,0,0,0,0,0,0,0
"CUZD1",2.3440674610416,0,0,0.0175838594587008,0,0,0,0.00649041198833133,0,0,0,0,0,0,0,0,0,0,0,0
"CX3CR1",0,0,0,0,0,0,0.780638907702602,0,0,0.624918051036003,0,0,0,0,0,0,0,0.119385518676487,0,0
"CXCL11",0,0.0227357134959807,0.00471736021401118,0,0.01078520310836,0.0232826253908119,0,0.0159111330687101,0,0,0,0,0.172562113564292,0.130140350470398,0.0702382963059284,0.0976005491678801,0,0,0,0
"CXCR3",0,0.00178865609071295,0.00302559104530026,0.0093809996485332,0,0.043144688285956,0,0,0,0,1.23926727036526,0,0,0,0,0,0.323558789123352,0,0,0
"CXorf21",0,0.00348380690608141,0.00208030708287477,0,0,0,0.639868515137803,0,0,0.319812518062508,0.367747365553253,0,0,0.16284297187224,0.0702382963059284,0.216711079511208,0,0.0870048595311382,0,0
"CXorf36",0,0,0,0,0,0,0,0,0,0,0,0,0.469387580137732,0,0,0,0,0,0,0
"CYYR1",0,0,0,0,0,0,0,0,0,0,0,0,0.908226005355785,0,0,0,0,0,0,0
"DACT1",0,0.00263994034049394,0,0,0,0,0,0,0,0,0,0,0,0,0,0,0,0,0,0.656758233270704
"DCBLD2",0,0.101489212598892,0.0995198430710733,0.169812564381289,0.0703188555652241,1.40390468682771,0,0.0694981247397301,0,0,0,0.405494431471573,0.245805477348941,0.0731258982259099,0.234047858807501,0.0863447217676863,0,0,0,0.963084006575143
"DIO2",0,0,0,0,0,0,0,0,0,0,0,0,0,0,0,0,0,0,0,0.536626834110597
"DKK3",0,0,0.00561196986865596,0,0.0136875601657272,0.0190737775956194,0,0,1.55845492299328,0,0,0,0,0,0,0,0.0590141060132669,0,0,0.833645467622184
"DMTN",0,0.104463545909027,0.111765661500135,0.0886503944931986,0.1137202192438,0.0776349913014365,0,0.172984826660301,0.0876274575571602,0,0,0,0,0,0,0,0.0959458005863671,0,0.90567120423018,0
"DOCK4",0,0,0.014207741993813,0.00696953050864248,0.00510027252182449,0.0366568190719738,1.13673535669101,0.00990982147705221,0,0.830885549592338,0,0,0.552600929676338,0.793778824768226,0,0.211693793361846,0,0,0,0
"DPCR1",0,2.0525843906926,0.221901640274408,0.473820563966315,1.16492859867897,0.199478032321961,0.151496415095925,1.04200225053863,0,0,0,0,0,0.0838275367809173,0,0,0.223757287917619,0.12874378164234,0,0
"DPEP1",0.352308248534842,0,0,0,0,0,0,0,0,0,0,0,0,0,0,0,0,0,0,0
"DSE",0,0.00640984313923465,0.00317119440083472,0.00732372745240206,0.0140937769137863,0.0886416684836051,0.285797650738291,0.0225534579526947,0,1.3057286009396,0.370137449238495,0,0,0.473142955033613,0,0.413038129435673,0.0499197402155179,0.325684448212448,0,0.362066334561813
"DSG3",0,0,0,0.314079187642937,0.00540513271119355,0.246883059007973,0,0.015300294133383,0,0,0,0,0.23305982027792,0,0,0,0,0,0,0
"EBF1",0,0.00358955976431234,0,0.00718866140591401,0,0,0,0,0,0,0,0,0.677695472929602,0,0,0,0,0,0,0
"EBF3",0,0,0,0,0,0,0,0,0,0,0,0,0.295795049582898,0,0,0,0,0,0,0
"ECSCR",0,0,0.00300604719940969,0,0,0,0,0,0,0,0,0,1.13591202286702,0,0,0,0,0,0,0
"EDN1",0,0.294095824885371,0.293946025615106,0.459235360749483,0.362517519540766,0.239916575304362,0,1.01310325117892,0,0,0,0,0.11696587156894,0,0,0,0,0,0,0
"EGFL7",0.0536480349739883,0,0.00536932336255905,0.0112748216728661,0,0.0174388690392144,0,0.0433143396444579,0,0,0,0,1.23379132495892,0.0523402812671588,0,0,0,0,0.0691432547884994,0
"EGLN3",0,0.385947057995312,0.324272131037774,0.167874162935715,0.398794690147459,0.0401346085575844,0.199541687267873,1.05806202868296,0.0459677989458978,0,0.177378606650653,0,0,0,0,0,0,0,0.118000763571294,0
"EIF4A2",0.506106923621657,0.992732671230511,1.24132390240731,2.74482109539665,1.29030091603695,1.37250944467585,1.01925677974256,1.65679999933251,1.14677524865916,1.07593715631198,1.42324406976437,2.73988340845744,0.67242769426007,0.553139871230036,1.69225899157822,0.779785841266826,1.03564363878049,0.663114169248903,0.102347670692852,0.647653114677684
"ELAVL4",0.0392543203071125,0,0,0,0,0,0,0,0,0.0427487055143662,0,1.3563897427923,0,0,0,0,0,0,0,0
"EMCN",0,0,0,0.00724700383663428,0.00808027617342046,0,0,0,0,0.0455545483023549,0,0,1.60364960875223,0,0,0,0,0,0,0
"EMP1",0,0.615607244887846,0.125001958576784,0.787150504541582,0.383216155570923,2.30195488843704,0,0.990474665712864,0,0,0.101896905642916,0,2.0577333440639,0.492310210827008,0.0777184357849585,0.721298931926293,0.119917642068034,0.0964919812104008,0,1.16142786935718
"ENPP3",0,0,0,0,0,0,0,0,0,0,0,0,0,0,0.443665696771547,0,0,0,0,0
"EPB42",0,0,0,0,0.00363768852386519,0,0,0,0,0,0,0,0,0,0,0,0,0,0.175930045374179,0.189947983457222
"EREG",0,0.54294207384168,0.0138708797432848,0,0.450582744806985,0,0.0882326152402247,0.33150442370199,0.0750053470143393,0.132279429186365,0,0,0,0.470110224824587,0,1.15047805189439,0,0.643205702457749,0,0
"ERG",0,0,0,0,0.00599204726482026,0,0,0,0,0,0,0,0.576770971895151,0,0,0,0,0,0,0
"ERP27",0.958735243863658,0,0.00451069975031429,0,0.00359421259147606,0.0403929044282091,0,0,0,0.0554229560714881,0,0,0,0,0.0896236238265017,0,0,0,0,0
"ESAM",0,0.0123520818875302,0.0096519153618048,0,0.0104390418926448,0,0,0.00556945460772741,0,0,0,0,1.6600692827682,0,0,0,0,0,0,0
"F5",0,0.390170349216217,1.10013377440537,0.0314757943883081,0.582088866049598,0.0110240148323542,0,0.239191271511774,0.0642579326842288,0,0,0,0,0,0,0,0.0590141060132669,0.365665889393896,0,0
"FABP4",0,0,0,0,0,0,0,0,0,0,0,0,0.414878164195204,0,0,0,0,0,0,0
"FAM105A",0.0221044185935683,0,0.00750411259280401,0,0,0.00795571703066333,0.76524775684355,0,0.0411565220852928,0.287829387364927,0.302836387331539,0,0,0.266666115185751,0.0702382963059284,0.197990171834917,0.0579759815442918,0.103813108185752,0,0
"FAM129C",0,0,0.00149547577984895,0,0,0,0,0,0,0,0.526439405461147,0,0,0,0,0,0,0,0,0
"FAM159B",0,0,0,0,0,0,0,0,0,0,0,0.405494431471573,0,0,0,0,0,0,0,0
"FAM162B",0,0,0,0,0,0,0,0,0,0,0,0.405494431471573,0,0,0,0,0,0,0,0
"FAM3D",0,0.751511466683251,0.48782230540511,0.0346835987171757,0.499378045623772,0.0113355105700394,0,0.366022040899635,0,0,0,0,0,0,0,0,0,0,0,0
"FAT3",0,0,0.00235775932566509,0,0,0,0,0.00549405929392978,0.600331773386543,0,0,0,0,0,0,0,0,0,0,0
"FCAR",0,0.0146873551396802,0.00395134396405342,0.00827073151372184,0.00846677567201981,0,0,0.0115633344297831,0,0,0,0,0,0,0,0,0,0.789032507769264,0,0
"FCGBP",0,1.59524869955168,0.55857595929319,0.0274716039223642,1.39544597919531,0.0113983453077176,1.32934940171953,0.568059088933355,0,1.23762570600094,0,0,0,0,0.0871432124685913,0,0,0,0,0
"FCGR1A",0,0,0.00163316110915704,0,0.00348461088342129,0,0.982575726771267,0,0,0.793819611038994,0,0,0,0.339728417322489,0,0.289492540867414,0,0.371760368668955,0,0
"FCGR2A",0,0,0.0097204370159864,0,0.0175478468537688,0.00227883620179801,1.88437940974913,0.00485090432337474,0,2.43125552422395,0,0,0,2.4010815746059,0.390306474689638,1.7232168094908,0,1.27796809150553,0,0
"FCHSD2",0,0.0494797644407242,0.0650334440347394,0.048244377002299,0.0855079591727305,0.0641347184518853,0,0.0535179761681403,0.167881058246914,0.22122693075048,1.45420210966165,0,0.267359203953592,0.128019415590344,0,0,0,0.131579088424482,0,0.734930623104054
"FCN1",0,0,0,0.00636809862137017,0.0053456990521703,0,0,0.0152152863675067,0,0,0,0,0,0.186193689334964,0,1.73727441494943,0.0540779872134662,2.50847042507376,0,0
"FEV",0,0,0,0,0,0,0,0,0,0,0,0.59312257897763,0,0,0,0,0,0,0,0
"FGA",0.0221044185935683,0.339831588312562,1.69846490626205,0.0385798522232516,1.12297058824152,0.0153418063707195,0,0.316848540605404,0.415518484615677,0,0.101896905642916,0,0,0.0721740046773515,0,0,0,0,0,0
"FGF2",0,0.00335228433306892,0.00628503604908295,0.193191147864613,0.00691373220400529,0.0302920901868666,0,0,0.278387655882625,0,0,0,0.216598401571955,0,0,0,0,0,0,0
"FKBP10",0,0.0289695262346353,0.0136027273484075,0.0208194945968531,0.0166962180230484,0.439618496414907,0,0,0,0,0,0,0.646137823554644,0,0,0,0,0,0,0.189947983457222
"FLT3",0,0,0.00451069975031429,0,0.00444699462782454,0.00854643105090537,0,0,0,0,0.235441904090254,0,0,0,0,0,0,0,0,0
"FMNL1",0,0.00757381714719062,0.00705144074501618,0.013089851247848,0,0.0405782197159446,1.10176412436056,0.0104650638996332,0,0.52983964914812,0.197744476290422,0,0,0.663246447823986,0.880605613792945,1.09833224299707,0.956589307595523,0.305774510321454,0,0.422337310762212
"FMO1",0,0.00296026266196222,0.00622918459136467,0,0.00775049573140905,0,0,0,0,0,0,0,0,0,0,0,0,0,0,1.52847844611649
"FMO2",0,0.0191992222361182,0.00619252781188183,0,0.263519196261749,0,0,0.263231590905119,0,0,0,0,0,0,0,0,0,0,0,0
"FSCN1",0,0.113055391437683,0.00238107827083526,0.885833586306569,0.0155618654312857,0.794229798476744,0.55479619547221,0.0822131071681041,0,0.350093793211384,0.262533472186234,0,1.44047970116715,0.0791924519197312,0.192101897252165,0,0,0,0,1.22897845472089
"FSTL1",0,0.0340418324908904,0.0164501283353302,0.539906931549548,0.0176774966877461,0.638321400992488,0,0.090242043152471,0,0,0.143991292089861,0,0.691401484996081,0,0,0,0,0,0,2.80945537998722
"FXR1",0.0221044185935683,0.168085582894318,0.246342663153795,1.05550423231502,0.193989291211562,0.452709393346432,0.210697755079158,0.215141087028,0.23406301776094,0.295519353546529,0.4582130706858,0,0,0.0692691580429016,0.815204299976066,0,0.223573974238097,0,0,0
"FXYD6",0,0.00575278387457225,0,0,0,0,0.142748215947912,0.0107570281568843,0.0497326119593055,0,0.672127084961549,0.998617010449204,0.202514700865644,0.321993473020705,0,0,0,0.197060496690393,0,0.734930623104054
"GABRA4",0,0,0.0189528973680743,0,0.00225200098073968,0,0,0,1.03948482137897,0,0,0,0,0,0,0,0,0,0,0
"GAD2",0,0,0,0,0,0,0,0,0,0,0,0.908232104703889,0,0,0,0,0,0,0,0
"GAL",0,0.00395848550820292,0.00650782060671397,0.155837621512899,0.00561785417666805,0,0,0.00450889229114452,0,0,0,0,0,0,0,0,0,0,0,0
"GAL3ST4",0,0.0042866180500809,0.00759465941184895,0,0.016566218605559,0,0.665713582239376,0.0154575865823515,0,0.412082401728612,0,0,0,0.556884045585733,0,0,0,0,0,0
"GAPT",0,0.00430448903901336,0.00553210723617428,0,0,0,0.692714819630847,0,0.0485093501492186,0.177877325770077,0.426299159091228,0,0,0,0.66375180531906,0.122404075514456,0,0.245685163366696,0,0
"GAS1",0,0,0.00294750670819788,0,0,0,0,0,0,0.0354474190443897,0,0,0,0,0,0,0,0,0,1.14764631742656
"GATA1",0,0,0,0,0,0,0,0,0,0,0,0,0,0,0.584131046440592,0,0,0,0.146838384044939,0
"GC",0,0.895448460874296,2.2742422985642,0.0627275562832601,1.87560823044088,0.0645625867824844,0.104680518415626,1.09361361439592,0.02930487283413,0,0,0,0,0,0,0,0,0,0.26202735550902,0
"GCNT3",0,1.12987504018484,1.78024907765468,1.15084532559119,1.2292248798282,0.0634172239753916,0.104680518415626,1.74311083288243,0.121809419832259,0,0,0,0,0,0.0907531051769553,0.0844054038358081,0,0.125473702619958,0,0
"GCSAML",0,0,0,0,0,0,0,0,0,0,0,0,0,0,1.29197875201309,0,0,0,0,0
"GFI1B",0,0.00315575312385135,0.00683328988834963,0,0.0159148906024679,0.00384671315872244,0,0.00989981761300065,0.908670715403397,0,0,0,0,0,0.114800119170758,0,0.0520561648151861,0,0,0
"GFRA3",0,0,0,0,0,0,0,0,0,0,0,0,0,0,0.475905436732629,0,0,0,0,0
"GJA1",0,0.166483973459842,0.0426721242210873,0.710907554646202,0.186279434621992,0.0276040148125711,0,0.096313777765244,0,0,0,0,0.830359890304999,0,0,0,0,0,0.102347670692852,0.875935293204379
"GJC3",0.116813927852196,0,0,0,0,0,0,0,0.127759831063794,0,0,0,0,0,0,0,0,0,0,0
"GMDS",0,0.889196148181898,0.59191079515598,0.625871705161334,0.631578053750247,0.199007150217076,0,0.235113817710417,0.514096727106497,0.0340364755092555,0.133544998447338,0,0.414568150748605,0.0783697714602659,0,0,0.189323950162588,0,0.0691432547884994,0
"GNAT3",0,0,0,0,0,0,0,0,0.285132975155184,0,0,0,0,0,0,0,0,0,0,0
"GNB4",0,0.00468584891159116,0.00572739448301047,0,0,0.0118472755567907,1.1042179650559,0.0184914846384921,0,1.01102042662294,0.348277103354194,0,0.523935987414502,0.736160828014213,0.0730564573246168,0.51758633720108,0,0.129529452420507,0,0.189947983457222
"GNG13",0,0.00510862652241643,0.00134467000681644,0,0.00660465163443793,0,0,0,0.855262921665145,0,0,0,0,0,0,0,0,0,0,0
"GNLY",0,0.0226669483439113,0.0124750364898777,0,0,0,0,0,0,0,0,0,0,0,0,0.106508577058887,1.94324298317351,0,0,0
"GOLPH3",0.169791255487412,0.706275707749328,1.41093041540544,0.663928357393437,0.864724160540478,0.565232693067617,0.130121578534278,0.649799692017056,1.24320557329003,0.279665240686916,0,1.17878313317865,0.39091866826692,0.451024242787265,0.101168300419289,0.364562013700072,0.318260065393579,0.211738667111632,0.118000763571294,0.552014318019035
"GP2",3.99977422398149,0.239143663505215,0.129983611576943,0,0.058537525901853,0.00734303847375431,0,0.014142818494491,0.0939881258968445,0,0,0,0,0,0,0,0.0540779872134662,0,0,0
"GPR171",0,0.00430448903901336,0.00410265738617317,0,0,0,0,0.00687555551930948,0,0.0302693901069854,0,0,0,0,0,0,0.892068659508626,0,0,0
"GPR34",0,0,0,0,0,0,0.65685241611104,0,0,0.608021959196857,0,0,0,0.273318307368955,0.276128373079415,0,0.0677760493989758,0,0,0
"GPR84",0,0,0,0,0,0,0,0,0,0.0912061428898129,0,0,0,0.509919699436537,0,0.177820808386709,0,0.382062249602189,0,0
"GPX2",0,1.89209660496851,1.95210218460683,0.711964760947114,1.82360148885122,0.211869051711445,0,0.955791042880565,0.454614560201405,0,0.133544998447338,0,0,0,0,0.0862566237744185,0,0,0.118000763571294,0
"GPX4",0.0221044185935683,0.300214876125906,0.257299541760523,1.39980315693456,0.343961756277643,0.401722942166092,0.838061342977128,0.551270694634711,0.42443257950749,0.991530078853381,0.764257223237433,0,0.188683088933015,0.729723483435021,0.84083885783277,0.711392186849383,0.216622738863561,0.223474172677892,0.124411250327731,0
"GRAP2",0,0,0,0,0,0,0,0,0,0,0,0,0,0,0.811494324836849,0,0.0930953373925647,0,0,0
"GRIN2B",0,0,0,0,0.00467720089926296,0.00681236178498663,0,0,0.376466822809875,0,0,0,0,0,0,0,0,0,0,0
"GSTP1",0.712754925986067,2.452608891534,2.12811937385553,3.00425955682574,2.17596124375745,1.85705475443623,1.5254087687972,1.83771931900172,1.31514987760155,0.807364530661276,1.91009512814667,1.3664112806847,0.847514092305178,0.5426817274697,0.575400651420011,0.66165633050072,0.919493896424311,0.691783481627231,0.183020047929835,1.50026325766256
"GUCA1C",0.205931601571783,0,0,0,0,0,0,0,0,0,0,0,0,0,0,0,0,0,0,0
"GZMA",0,0.0057656739752975,0.00702431121058205,0,0,0,0,0.00890016574106749,0,0,0,0,0,0,0,0,1.79063198302776,0,0,0
"GZMB",0,0,0,0,0,0,0,0,0,0,2.48898227305796,0,0,0,0,0,1.21241072818416,0,0,0
"HAS1",0,0,0,0,0,0,0,0,0,0.0389713893508475,0,0,0,0,0,0,0,0,0,0.753155686568109
"HAVCR2",0,0.0106576052967853,0.016135376086848,0,0.010671954659148,0.0220783638925646,1.78982784503812,0,0,1.50596849249834,0.584944803681955,0,0,1.27895638624848,1.08427699630167,0.679937719071485,0.610130166513384,0.35866031470851,0,0
"HBA1",0,0.0163616364290925,0.023156677523863,0.012077053137954,0.0133897948893935,0.0131421563577946,0,0.01735450762919,0,0,0,0,0,0,0,0,0.0985474084838067,0,7.4073777618931,0
"HBA2",0,0.0577966335660966,0.0410655802113238,0.0439253971932812,0.0400058168099345,0.0603766438451831,0,0.0524420265916778,0,0,0.28483011977211,0,0,0,0,0.0904125825340387,0,0,7.56946914016085,0.422337310762212
"HBB",0.245784892164674,0.0814565404694845,0.0957019792880072,0.0542408310480907,0.0466039776860806,0.0219676419213107,0,0.0569812505730881,0.0607722221295085,0,0,0,0.122241762588028,0.113461036852328,0.0907531051769553,0,0.0995347313759849,0.225603806547948,8.45558904789797,0.422337310762212
"HBD",0,0,0,0,0,0,0,0,0,0,0,0,0,0,0,0,0,0,6.11772516386015,0
"HBM",0,0,0,0,0.00387786927619503,0,0,0,0,0,0,0,0,0,0,0,0,0,0.289748538534808,0
"HDC",0,0,0,0,0,0.00918767902832163,0,0,0,0,0,0,0,0,2.14789110435719,0,0,0,0,0
"HEPACAM2",0,0.00510862652241643,0.00418752852482349,0,0.0145692434946562,0,0,0,1.37039404329622,0,0,1.20986236221809,0,0,0,0,0,0,0,0
"HGNC:18790",0,0,0,0.0164868600959453,0,0,0,0,0,0,0,0,0,0,1.03633377767305,0,0,0,0,0
"HLA-DOA",0,0.0193537103049285,0.022956224048703,0,0.0137612282571349,0,1.57388055367382,0.0287918184252831,0,1.37733841901576,0.311906495529495,0,0,0.443814141290884,0,0,0,0,0.118000763571294,0
"HLA-DRB1",0,1.84811021824621,1.98298934804305,0.486279558244293,2.47311901095711,0.884942733687167,4.50415199671792,2.10981936960194,0.326978782461404,5.0760726043616,3.35923459407825,0,1.76134645853491,4.17822929124872,0.184824748500541,3.85407522388228,0.931660184298084,1.42012440183,0.158276433934884,0
"HLA-DRB5",0,0.96518655505971,1.13195009262813,0.131597403924354,1.59819441991403,0.40630400672749,3.51015662408789,1.24157450663525,0,4.03992619340427,2.44078128723531,0,0.950322192081035,3.22138061034711,0.215968419590047,2.84827823033944,0.548749578854869,1.01853035059929,0.118000763571294,0
"HLX",0,0.0017679678958164,0,0,0.00525796354048123,0.00391722886236553,0,0.00845815086366531,0,0.091373855295597,0,0,0.235148773085401,0.133262491066241,0,0.0844054038358081,0,1.03772830982754,0,0.536626834110597
"HOPX",0,0.00791388104869461,0,0,0,0.0230994526562724,0,0,0,0,0,0,0,0,0,0,0.93669739201656,0,0,0
"HOXD8",0,0,0.00134467000681644,0,0,0,0,0,0,0,0,0,0.70202966859461,0,0,0,0,0,0,0
"HOXD9",0,0,0,0,0,0.00513156160559794,0,0,0,0,0,0,0.467443452155639,0,0,0,0,0,0,0
"HS3ST3A1",0,0,0,0,0,0,0,0,0,0,0,0,0,0,0,0,0,0,0,1.1152726654363
"HS6ST3",0,0,0,0,0,0,0,0,0,0,0,0.405494431471573,0,0,0,0,0,0,0,0
"HSPB11",0,0.0840643159950567,0.0834322207624398,0.109282301970651,0.0835290331807269,0.151997628245185,0,0.103690594641421,0.0670916928187214,0.0272968387894663,0.272603643583231,0,0,0.0791924519197312,0.210517126805555,0,0.118497301079059,0,0,0
"HSPB6",0,0,0,0,0,0.00461132299915868,0,0,0,0,0,0,0,0,0,0,0,0,0,0.769016161415588
"HTRA3",0,0,0,0,0,0.0587000747305888,0,0,0,0,0,0,0,0,0,0,0,0,0,2.02682119272836
"IFI27",0,3.0437500035735,0.81921856494072,2.86844003949695,2.94044876658058,3.62925815106846,0.794380542892591,2.8817999124641,1.39331674034073,0.488648910738312,0.163979079052449,0,2.11754550998753,1.14663729935421,0.101168300419289,0.0808384152249829,0.157971040391234,0.11654266314285,0.0691432547884994,1.52690445511167
"IFI44L",0.128894654941499,1.44050320598222,1.00842925781139,0.178439887868107,1.89749323643183,1.81785965767986,0.949811802719864,1.65967962811263,0.0834359812746196,1.02093288518824,2.18433423410382,0.59312257897763,0.449363384650035,1.71355709374065,1.20620795334141,0.813945789401438,0.212786989202466,0.0964919812104008,0,0.362066334561813
"IFI6",0.809172316964001,3.55075281618731,1.81833627632528,2.1066152236551,3.40830619459435,3.26368979477632,1.91247947198228,2.8479330422966,3.11621451557368,1.71653143776557,0.618206918920692,1.49314157301859,1.41167228121982,2.79964144834627,1.77628543093142,1.22715461170543,0.769380197776038,0.225603806547948,0.294761035972003,2.68413586563095
"IGSF21",0,0,0,0,0.0197436315462099,0,0.119712426956102,0,1.01313708764269,0.558623365388842,0,0,0,0,0,0,0,0,0,0
"IL18RAP",0,0,0,0,0,0.00391722886236553,0,0,0,0,0,0,0,0,0,0,0.0471614748266785,0.725323449976355,0,0
"IL1RL1",0,0.00368694518379118,0.0020792956566183,0,0,0,0,0,0,0,0,0,0.294717550313149,0,2.54551650349406,0,0,0,0,0
"IL22RA2",0,0,0.00309553827091894,0,0,0,0,0,0,0,0.426437099108856,0,0,0,0,0,0,0,0,0
"IL2RB",0,0.0154573438660504,0.00479580451083676,0,0,0,0,0,0,0,0.197105279352537,0,0,0,0.135155586926793,0,2.51056354466415,0,0,0
"IL3RA",0,0.00418587523118127,0.0025036996765047,0,0,0,0,0,0,0.0272968387894663,1.56491389023983,0,1.01386682180946,0.58353385453911,0,0.662542299292836,0,0,0,0
"INHA",0.389138789511577,0.00832114983779136,0.004565548713032,0.00732372745240206,0.00191333945158112,0,0,0.00765707937944465,0,0,0,0,0,0,0,0,0,0,0,0
"INSM1",0,0,0,0,0,0,0,0,0,0,0,0.783829453381287,0,0,0,0,0,0,0,0
"IRF4",0,0.00269753917568245,0,0,0,0,0.186797334791344,0,0,0,1.82320720859605,0,0,0,0,0.0862566237744185,0.175010561778622,0,0,0
"ISLR",0,0.00478953356809548,0,0,0,0.0528544610781041,0.119712426956102,0,0,0,0,0,0,0,0,0,0,0,0,2.18441327306555
"ITGAL",0,0.00286142214051527,0.00288840965904212,0,0,0,0.0632637998557001,0,0,0.112233193796118,0.174684465403345,0,0,0.0742208678969443,0,0.10092030350231,0.839013785873648,0.203547522673988,0,0
"JCHAIN",0,0,0,0,0,0,0,0.00582348437971835,0,0,1.84485015324158,0,0,0,0,0,0,0,0,0.346678850653375
"JUND",0.640681866681536,2.08480478660077,2.30984884523922,1.72865423758826,2.35443442450211,1.42045112500507,1.4834326772587,2.96239168156517,3.04820735783903,1.6925371100311,2.38053420732178,1.44492349417028,2.39122573464614,1.83863362885539,2.65788678358067,1.89153039586215,2.58559968692318,1.82906065654238,0.187144018359793,0.963084006575143
"JUP",0.0221044185935683,1.42841765591086,0.988977672254329,2.40960985722023,1.25753579434528,2.27283104430268,0.262805487123573,1.73745188019291,1.06925982049236,0.180903850272306,0.235441904090254,0.998617010449204,0.563153431371403,0.351895401199613,0.206091288117718,0.603390460354672,0.0564631661789809,0.110055637159255,0.124411250327731,0.362066334561813
"KCNA5",0,0,0,0,0,0,0,0,0,0,0.280897241333573,0,0,0,0,0,0,0,0,0
"KCNB2",0,0,0,0,0,0,0,0.00655598603545343,0.250903063639869,0,0,0,0,0,0,0,0,0,0,0
"KCNK3",0.611392211548452,0.00628185161463164,0.00500795580388511,0.011159044591916,0.00406784780420496,0,0,0.00437047222296073,0,0,0,0,0,0,0,0,0,0,0,0
"KDR",0,0,0,0,0,0,0,0.00765236611236357,0,0,0,0,0.568071510712941,0,0,0,0,0,0,0
"KIF1A",0.0783530184250681,0.00677194367414978,0,0,0,0,0,0,0,0,0,1.3563897427923,0,0,0,0,0,0,0,0
"KIR2DL3",0,0.00525547887555485,0,0,0,0,0,0,0,0,0,0,0,0.0441918788094265,0,0,0.504611220106625,0,0,0
"KIR2DL4",0,0.00596160431995899,0,0,0,0,0,0,0,0,0,0,0,0.0667117314196298,0,0,0.733074269270146,0.125644548027559,0,0
"KIR3DL1",0,0.00290509741135757,0,0,0,0,0,0,0,0,0,0,0,0.0441918788094265,0,0,0.543213366073632,0.125644548027559,0,0
"KIT",0,0,0,0,0.00431588279551856,0.00603188798396324,0.157867865724007,0.0255858711666635,1.79137206545887,0,0,0,0,0,3.60038322809919,0,0.0821850308289841,0,0,0
"KLF2",0,1.95547236055434,1.07184710474349,0.654201841796472,1.52413345154585,1.50380526883888,0.111309072027649,1.42923241203968,0.156191289347824,0.615872189365291,0.264673690090607,0,2.3834316422197,0.809962899773547,1.10976914871144,0.708905875267965,0.424334111552486,1.14043916560683,0,0.548481671590125
"KLK1",2.49844252454498,0.0308802359592727,0.00788361407890904,0.030509355605272,0.0216466001471895,0,0,0.014488455530674,0,0,0,0,0,0,0,0,0,0,0,0
"KLRB1",0,0.00237854595423887,0.00186004732480607,0,0,0,0,0,0,0,0,0,0,0,0,0,1.09029087327463,0,0,0
"KLRC1",0,0.00290509741135757,0.00479580451083676,0,0,0,0,0,0,0,0,0,0,0,0,0,1.04973389626553,0,0,0
"KLRC2",0,0.00431545359445667,0.00479580451083676,0,0,0,0,0,0,0,0,0,0,0,0,0,0.978265408111124,0,0,0
"KRT1",0,0.00373006557079393,0,0,0,0.0054019741139391,0,0,0,0,0,0,0,0,1.01675712028641,0,0,0,0.355575665153089,0
"KRT16",0,0.423095286361688,0.0490658551923596,0.567289974589481,0.20166434137627,2.52533059356678,0.0882326152402247,0.26641053814605,0,0.0945901445794903,0,0,0.23305982027792,0,0.0730564573246168,0,0,0.0964919812104008,0,0
"KRT17",0,0.891825814687442,0.150751632664624,2.6188228233163,0.698073901400523,3.55394595719753,0,1.65177003121892,0.081601704729294,0,0.143991292089861,0,0.798373023465371,0.079524129890783,0,0.0916169387082397,0.160888085927697,0,0.10761701761221,0
"KRT18",0.385292089173957,2.40453298460977,1.72835892895019,2.12312481481612,1.86130230721988,1.58894420144834,0.269176937751655,2.1193817073923,2.39609890112007,0.0409261206195729,0,1.17622362006286,0.118773101165707,0,0,0,0.0476424464422457,0.131579088424482,0.187144018359793,0
"KRT19",0,3.88603663153927,2.92336634955637,3.25135971524628,3.48938710768978,3.69045946093318,0.303373705635221,3.79743779247775,0.0729566420251995,0.0820950590925091,0.324698715479667,0.987540432749877,0.676431126855488,0.213682680088615,0.258672937514834,0.25907528736787,0.106175580839945,0.110055637159255,0.402987629902149,0
"KRT8",0.406652895093004,3.65051889432994,2.65813685605298,2.81507251984249,3.1452787668216,2.81203124994003,0,3.25546959854522,3.0078730861613,0.041093833025357,0.133544998447338,0,0.178829178013958,0.102871249764953,0.114800119170758,0.0557129207033823,0.0719629791248459,0,0,0
"KRT86",0,0.00448139789568649,0.00299668018411114,0,0.00813551685096412,0,0,0.032140456505401,0,0,0,0,0,0,0,0,1.05218283902617,0,0,0
"LAIR1",0,0,0.0021635152639651,0,0,0,1.08944100715156,0,0,1.51037917604491,0.338117508327301,0,0,1.02767287847636,0.860168170685177,0.387245919977035,0.218404900964332,0.308348953975656,0,0
"LAMC2",0,0.679358701600085,0.455295294454198,2.0293069960026,0.582373716687946,1.99263721928604,0,0.950798283297835,0.206582565749513,0,0,0,0,0.0537607587922102,0.20442374299726,0.0557129207033823,0.0537737399305665,0,0.102347670692852,0
"LAX1",0,0,0,0,0,0,0,0.00437047222296073,0,0,0,0,0,0,0.481664524325155,0,0,0,0,0
"LCK",0,0.00237854595423887,0.00605823201404474,0.0198309028073831,0.00289760022376134,0.0809899845940036,0,0,0.054677990050331,0,0,0,0,0,0,0,1.22658775177026,0,0,0
"LDHB",0.797462013539764,1.11282485515353,0.0899371153773371,0.0189532852622152,0.816572673794165,0.00854200545245575,0.801763670683643,0.37438248296478,0.403193308896474,0.79687138560698,1.05120203943596,0,0.663836664910318,0.372586142367087,1.2194983372258,0.25341738987951,1.37864770360535,0,0,0.189947983457222
"LETM2",0,0.0257176129796435,0.0233028404864065,0.338654296482621,0.0253195421337492,0.156766417292987,0,0.0280733511580211,0.0791350414960126,0,0,0,0,0,0,0,0,0,0.0691432547884994,0
"LGALS3BP",0.150999073535067,2.60899634252693,1.79256005951125,2.07702364669303,2.54234151414431,2.70981207065036,1.43887335983285,2.41744965747613,2.01830628666508,1.07170756858481,0.0958475706475065,1.20028422072509,0.365475007855221,1.70232750164233,0.16486164825355,0.150934601893891,0.0582882535892281,0,0.124411250327731,1.79909573923835
"LHFPL4",0,0,0,0,0,0,0,0,0,0,0,0.405494431471573,0,0,0,0,0,0,0,0
"LILRA4",0,0.0017679678958164,0,0,0,0,0,0,0,0,1.43977346503244,0,0,0.0726127541774685,0,0.0557129207033823,0,0.0870048595311382,0,0
"LILRA5",0,0.0017679678958164,0.0022415529628725,0,0,0,0,0.00530297798437133,0,0,0,0,0,0,0,0.0863447217676863,0,0.462827127126385,0,0
"LILRA6",0,0,0,0,0,0,0,0.00890016574106749,0,0,0,0,0,0,0,0.0557129207033823,0,0.630338228972795,0,0
"LIPG",0,0.057954877903176,0.0536422053012537,0.0726525350721798,0.0885734860535915,0.0859733350334707,0.116439077272934,0.0317047724606823,2.2409103657494,0,0,0,0,0,0,0,0,0,0.0691432547884994,0
"LOX",0,0.00448656115447094,0,0,0,0,0,0,0,0,0,0,0,0,0,0,0,0,0,0.799841773538842
"LPL",0,0,0,0,0,0,0.0882326152402247,0,0,0.0332026525008614,0,0,0,0.185286089532734,0,0.558273435027747,0,0,0,0
"LRMP",0.0392543203071125,0.0169953968265745,0.00617554751465959,0,0.04906341854244,0.143425805108898,0.160579352942558,0,3.21419871815138,0.22257726848305,0.422977225793766,0,0,0,0.374897392574565,0.0916169387082397,0,0,0,0
"LRRC26",0,0.00378590078538196,0.00259591265749993,0,0,0,0,0.0103372469357193,0,0,0.302836387331539,0,0,0,0,0,0,0,0,0
"LRRC32",0,0,0,0,0.00409434071921397,0,0,0,0,0,0,0,0.843238401937091,0,0,0.0904125825340387,0.0395771894958905,0,0,1.02751491826645
"LUM",0,0.00603895541333074,0.00134467000681644,0,0,0.00708672561945875,0,0,0,0,0,0,0,0,0,0,0,0,0,4.12538009900038
"LY6D",0.0536480349739883,0.0242427124542158,0.00485651299602472,0.103472533808373,0.022172418689986,1.92695647769283,0,0,0,0,0,0,0.312057576712911,0,0,0,0.0471614748266785,0,0,0
"LY6H",0,0,0,0,0.00544321695488336,0,0,0,1.00491210900412,0,0,0,0,0,0,0,0,0,0,0
"LYZ",0.0651196686435591,3.26352852780071,4.21219079772235,3.45686860070684,2.98289805045858,0.994729846424751,2.45338329272791,2.29554738766327,2.14828938874391,2.65460786334646,1.24055912287753,1.47164048547215,0.931993948209109,3.2396378262829,1.02241394104778,4.50699308883833,0.995104730792733,4.52916641445472,0.485029297376127,0.422337310762212
"MACROD2",0,0.0348425562523014,0.0611461397398055,0.605148680113705,0.14020758456699,0.158780749393625,0,0.141602783971643,0.0639075298795793,0,0,0,0.125931388997316,0.0731258982259099,0.0871432124685913,0,0.0471733475990354,0,0.0691432547884994,0
"MAP1A",0,0,0,0,0,0,0.0632637998557001,0,0,0,0.75511789458424,0,0,0,0,0,0,0,0,0.548481671590125
"MCEMP1",0,0,0.00580033992338103,0,0,0,0,0,0,0,0,0,0.188683088933015,0.0523402812671588,0,1.33456020779396,0.0590141060132669,1.24384482298233,0,0
"MERTK",0,0,0.00849321480298658,0,0.0049690911193263,0,0.856520613277451,0,0,0.534851893432018,0,0,0,0.309755782705819,0.101168300419289,0.0812017248852113,0,0,0,0
"MFAP2",0,0.00361335764754589,0,0,0.00444116307123163,0.00877479504368951,0,0.0110250949521905,0,0,0,0,0.148806607578936,0,0,0,0,0,0,1.4382353892736
"MFAP4",0,0,0,0,0,0,0,0,0,0,0,0,0,0,0,0.0844054038358081,0,0,0,0.536626834110597
"MGP",0,0.00595962730135997,0.00488453161210161,0,0.0278111449433172,0.713807973374113,0,0,0,0,0,0,1.91247948040358,0,0,0,0,0,0,1.22623584029254
"MGST3",0.171799305150755,1.8259725795439,1.17141492108787,1.01003988363137,1.33045128543097,0.848048330389594,0.377503541200221,1.09111295716816,0.715455955557541,0.863721149908668,0.123630897568509,0.405494431471573,0.640934194591485,0.975588182428972,0,0.524126183622261,0.258899484922747,0.10792555892588,0.0691432547884994,0.799361534795364
"MIA",0,0.0131202001765011,0.00719978754248901,0.0208194945968531,0,0.756523761685638,0,0,0,0,0,0,0,0,0,0,0,0,0,0
"MLF1",0,0.0497305656427519,0.0334588750832031,0.437514544257143,0.0492464803545032,0.132078992940399,0,0.0984763503525232,0.193564444561105,0,0,0,0.231678622117109,0,0,0,0,0,0,0
"MMP1",0,0.540060212086173,2.64504792359584,1.78303519959628,0.716152304325511,0.0301909277459288,0,0.084193298838895,0,0,0,0,0,0,0,0.170609273514277,0,0.127167683419182,0.260624104627736,2.30358576380227
"MMP12",0,0.00699013957276093,0.00268369709038909,0.489414824198888,0.00486773459800688,0.00798081436694431,0,0.0077093958696381,0,0.0302693901069854,0,0,0,0,0,0,0,0,0,0
"MMP19",0,0,0,0,0,0,0,0,0,0.0409132847042769,0,0,0,1.00127855863921,0,0.561002858302689,0,0.113418535518637,0,0.346678850653375
"MMP25",0,0.00566462735640483,0.00576085394549304,0,0.0113772936218632,0.00227883620179801,0,0,0,0,0,0,0,0.0838275367809173,0,0,0,0.989426577524648,0,0
"MMP9",0,0,0,0,0,0.00227883620179801,0,0,0,0,0,0,0,0.0752390201986809,0,0.0916169387082397,0,1.22483946936581,0,0
"MMRN2",0,0.00338164527661016,0,0,0,0.0240599316804539,0.0632637998557001,0,0,0,0,0,0.96558120422259,0,0,0,0,0,0,0
"MS4A2",0,0.00237854595423887,0,0,0.00742844656449353,0,0.139401070031103,0.00428314013419731,0,0,0,0,0,0,2.9336167750641,0,0,0,0,0
"MS4A6A",0,0,0.00685070937598436,0,0.00570222787356571,0,1.90998477732589,0.00842811228092819,0,1.93578104299588,1.00650002851383,0,0,1.15574111799352,0,0.512826107849286,0,0.971389847655685,0,0
"MS4A7",0,0.00671689580431544,0.00266055983402308,0.00864264051780825,0,0,1.81599219985525,0,0,2.38218788274909,0.184174370907138,0,0,1.70970837446596,0,1.2052995200541,0,0,0,0
"MUC16",0,0.00263994034049394,0,0.0732325134911248,0,0.308898970799494,0,0.00624060561930069,0,0,0,0,0,0,0,0,0,0,0,0
"MUC5AC",0,0.592831452114914,0.0461516508438175,0.150089112624076,0.122144265110435,0.607708438703577,0,0.0411167133397181,0,0.0462507718571068,0,0,0.307456190098721,0,0,0,0.0565593123484131,0,0,0
"MUC5B",0.0849470203746335,4.0941936940958,4.24369073578118,0.203316128321147,3.42382479736639,0.423904795755697,0.363781326371606,2.28022779533312,0.334237007676406,0,0,0,0.279247792622822,0.105278617370409,0.218768569625249,0.228912652573343,0.27118717086116,0.587090440396151,0.286070731707983,0
"MUC6",0,0.417081293136508,0.978814998406176,0.0392141004817987,0.110811915967701,0.039481756278649,0,0.0148177439046586,0.0617636100218607,0.0466476400481194,0,0,0,0,0,0,0,0,0,0
"MXRA5",0.182542689915487,0.021172685861247,0.010354270728382,0.722006849171461,0.0284923764791925,0.517204197488519,0,0.0666585637274368,0,0,0,0,0,0,0,0,0,0,0,1.23386713881201
"MXRA8",0,0,0,0,0.00502421357266969,0.00785225402298665,0,0.0346985619635067,0,0,0,0,0,0,0,0,0,0,0,2.0660735509319
"MYCT1",0,0,0,0,0,0,0,0,0,0,0,0,0.640685952923823,0,0,0,0,0,0,0
"NAGA",0,0.18551145638937,0.155639193842672,0.908263223225032,0.138979876662152,0.779750295871477,1.03743705501998,0.139680255143741,0,0.719010153181149,0.280897241333573,0,0.242897260566255,0.585557882463623,0.135155586926793,0.319605827682978,0.0815652856312842,0.10792555892588,0,0.346678850653375
"NES",0,0,0,0,0,0,0,0,0,0,0,0,0.684066730294156,0,0,0,0,0,0,0.189947983457222
"NEUROD1",0,0,0,0,0,0.00961887006238903,0,0,0,0,0,2.27593546631476,0,0,0,0,0,0,0,0
"NGFR",0,0,0,0,0,0.00995897250594629,0,0,0.388820539505344,0,0,0,0,0,0,0,0,0,0,0.655899126986482
"NKX2-2",0,0.00407809064802242,0,0,0,0,0,0,0,0,0,1.94951232176993,0,0,0,0,0,0,0,0
"NME8",0,0,0,0,0,0,0,0,0,0,0.239838862737368,0,0,0.0306972450876012,0,0,0,0.168144724240959,0,0
"NOSTRIN",0,0.445752262390756,0.980483889685535,0.147365884559796,0.524940542423465,0.0597513278864746,0,0.226624963222537,0,0,0,0,0.446687292977539,0,0,0,0,0,0,0
"NOVA2",0,0,0,0,0,0,0,0,0,0,0,0,0.482738238351211,0,0,0,0,0,0,0
"NPM1",0.824905026013762,0.917760898695706,0.992689195813997,2.09710458627953,0.746432336167386,0.969133273301522,1.37229239302888,0.83629409226316,0.589168467268037,1.05364216871582,1.5197383893042,0.405494431471573,1.03096631225369,0.784497796480595,1.49196669998169,0.611715622019195,1.53872814481382,0.125261053162673,0.154207363809586,0.616405155921767
"NQO1",0,1.7831180347947,0.854859909330177,1.12568053580557,1.43667746026342,0.913178064837838,0,0.904144907888762,0.954773704768065,0.128455396009989,0,0,0.204764635718501,0.0441918788094265,0.0730564573246168,0,0.0471733475990354,0,0.0691432547884994,0
"NRGN",0,0.0451845338649152,0.01112817749953,0,0.00781383468431798,0,0.0632637998557001,0.00520733416884196,1.04656461171008,0,0,0,0.294674613654115,0,0,0.198563858585752,0,0.336999720274305,0,0
"NRTN",0,0,0,0.00742902293734298,0.0103832053205872,0.00720732732891868,0,0,0.66169018497247,0,0,0.405494431471573,0,0,0,0,0,0,0,0
"NTM",0,0.00299557084878854,0.00198559468790889,0,0.0049358631313312,0,0,0.0069295308077914,1.15903283014526,0,0,0,0,0,0,0,0,0,0,0.729490204058407
"NYAP2",0,0,0,0,0,0,0,0,0,0,0,0.405494431471573,0,0,0,0,0,0,0,0
"OLFM4",0.399041991930999,0.791319509173077,1.82196486204687,0.528582064496582,1.07443989937577,0.18709629173981,0,0.446827464651301,0,0,0,0.405494431471573,0.125931388997316,0.0537607587922102,0.219317049697358,0.233579082543389,0.0564631661789809,0.223659664629583,0,0
"OLIG1",0,0,0,0,0,0,0,0,0,0,0,0,0,0,0,0.191975214744747,0,0,0,0
"OR11G2",0.730274057837295,0.0168375542433627,0.0254516229090057,0.0207240960658709,0.0167511133937761,0.0142584210122335,0,0.0162468371460031,0,0,0,0,0,0.0838275367809173,0,0,0,0,0,0
"P2RY13",0,0.00216044401086773,0.00273281380461455,0.00636809862137017,0,0,0.631571831373137,0,0,0.164600321160916,0.130047407688801,0,0,0,0,0,0,0.225603806547948,0,0
"P2RY6",0,0,0,0,0,0.0277589055716943,0.0632637998557001,0,0,0.0953887639305235,0.441194428802623,0,0.16646862455704,0.0833188419814567,0,0,0,0,0,0
"P4HA3",1.08928783372096,0.0270894639367048,0.0254042168587432,0.0187849340262539,0.0143668188771959,0.0196432700363448,0,0.0265844889954029,0.119397901390847,0,0,0,0,0,0,0,0,0,0,0
"PADI1",0,0.00944855546459979,0,0.330622446925275,0,0.23102992196188,0,0.0077093958696381,0,0.0471329484715967,0,0,0,0,0,0,0,0,0,0
"PALD1",0,0,0,0,0,0,0.149644067177463,0,0,0.433217379352949,0.177378606650653,0,0,0.0833188419814567,0,0,0,0,0,0
"PALMD",0,0,0.00183889637695873,0,0,0.00850387354494763,0,0,0,0,0,0,0.881978975776363,0,0,0,0,0,0,0
"PAPPA",0,0.00450474538695587,0.00915755405812712,0,0.00780049367893985,0.0113557083083322,0,0.00631439751715496,0.0497326119593055,0,0,0,0,0,0,0,0,0,0,1.49850636547399
"PARVG",0,0,0.00338470805644523,0,0,0,0.743271731996971,0,0,0.367702323027742,0,0,0,0.225022757547852,0.315526905068652,0.394403850821692,0.114472957718768,0.239585089579761,0,0
"PCDH7",0,0.0695347758850649,0.0189720136634626,0.157623701772078,0.0393449927609811,0.765377706312571,0.0632637998557001,0.0374215421307004,0,0.0272968387894663,0,0,0.188683088933015,0,0,0,0,0,0,0.39867182825251
"PCK1",0,0.116382126080228,0.608062732537611,0,0.332171147182013,0,0.0632637998557001,0.0644620829942355,0.0639075298795793,0,0,0,0,0,0,0,0,0,0,0
"PCP4",0,0.00288213152187938,0.00233396810444245,0,0.00660465163443793,0,0,0,1.19244102857051,0,0,0.59312257897763,0,0,0,0,0,0,0,0
"PCSK1",0,0,0.00211771703205316,0,0,0,0,0,0,0,0,2.16634111698067,0,0,0,0,0,0,0,0
"PCSK9",0,0.0103891906518322,0.00287354410650347,0.251389611671752,0,0.0418438866126851,0,0,0,0,0,0,0,0,0,0,0,0,0,0
"PDIA2",1.15329081756899,0,0.00367814506630069,0.0116274311977257,0,0,0,0,0,0,0,0,0,0,0,0,0,0,0,0
"PDLIM1",0.0849470203746335,1.15933521642541,1.17784172358379,0.995679923470336,1.11654666964328,0.875189101592626,0.428032769355733,1.86437726547135,0.847159907646108,0,0,0.59312257897763,1.96288289025135,0.0752390201986809,0,0.279516742452089,0.10210987494336,0,0,0
"PDPN",0,0,0,0,0,0,0,0,0,0.113050370966618,0,0,0.269805141452319,0.137343276931412,0,0,0,0,0,1.02751491826645
"PFKFB3",0,1.00178498492367,1.8103942712707,0.340269003264499,1.31239807027136,0.0681742783860793,0.872373840572554,1.66371984721956,0.27882465050423,1.23622334573881,0.9583488804965,0,0.16856211325173,1.22413361323333,0.554189709861973,0.962258747225059,0.611950912680692,1.02792460220704,0,0.680836067613077
"PGK1",0.12110101367536,1.75358914721547,1.30599940383089,1.62023321358944,1.62051298368829,0.978664775851713,1.53030621293334,2.55345581370204,1.64380136193479,1.32219250299527,0.994002743969507,0,1.5118706807018,1.49221122976749,1.25334877724859,1.65983800806558,1.7039238792426,1.10452732614026,0.0691432547884994,0.891795768051858
"PGLYRP1",0,0,0,0,0,0,0,0,0,0,0,0,0,0,0,0,0,0.358357710332415,0,0
"PI16",0,0,0.00444110027860374,0,0,0,0,0,0,0,0,0,0,0,0,0,0,0,0,1.58591881764336
"PIGR",0,2.56306604691736,3.4807989347915,0.211640497057659,2.80434575903855,0.0718134772830238,0.130121578534278,2.14696772819044,0.803672831318764,0,0.0958475706475065,0,0,0.0721740046773515,0,0,0.28872800415188,0,0,0
"PIK3CG",0.0392543203071125,0.0577426718531282,0.0304991896148601,0.0470926872177267,0.030122131015064,0.0356763855639813,0.236151504229036,0.0397906257486265,1.31708707404061,0.208570237590312,0.229392569094845,0,0.106342257133169,0,0.244051107219029,0.282426004787955,0.191999941191707,0.370728851595406,0,0
"PIM2",0,0.0242908742762703,0.0256679070211513,0.0612285938201065,0.0208668638164764,0,0,0.0209390197384603,0.181953442815949,0.105836618369663,1.25900258277864,0,0,0,0.760076632259897,0,0.377345770030063,0.132266627848058,0,0
"PITX1",0,0.234087915881795,0.0876187799996363,1.27570796120341,0.12314105401987,0.802079142362693,0,0.170910318265003,0.0968189048543029,0,0,0,0,0,0,0,0,0,0,0
"PLA2G1B",4.6814439887932,0.0140065865746637,0.0100766421471023,0.0154546256576769,0.0082769087412632,0.0136838680354749,0,0.00513601786119292,0,0,0,0,0,0,0,0,0,0,0,0
"PLA2G7",0,0,0.00163316110915704,0,0,0,0,0,0,0.150791365014386,0,0,0,1.25374576747632,0,0.609530088078354,0,0,0,0
"PLAC8",0,0.0847255036175129,0.0114768017266155,0.607072088943516,0.016234346070119,0.402446695096107,0.986343887984152,0.0389895697971303,0.0356339057833962,0.301196599874946,2.57070741540063,0,0,0.0838275367809173,0,0.480870660089124,0.0581211180995819,0,0,0
"PLG",0.0221044185935683,0.00510862652241643,0.00439636566119974,0,0.0061856607387615,0,0,0.00300776957193954,1.27020384373704,0,0,0,0,0,0,0,0,0,0,0
"PLXNA1",0,0.05850126309515,0.0422477948223378,0.14818624774344,0.0610948812404315,0.725209172427209,0,0.0503895712876991,0.124313775295322,0.181718605337549,0,0,0.188683088933015,0.225587324494027,0.180376729003457,0,0.050720213280959,0,0,0
"PNLIP",5.11425597294006,0.0188127507227743,0.0164276545880856,0,0.0118770124981965,0.00640880055262238,0,0.0254314689709727,0,0.0354474190443897,0.143991292089861,0,0,0.0838275367809173,0,0,0,0,0,0
"PNLIPRP1",2.49052452902253,0,0,0,0.0134420870099632,0.0103669082180489,0,0,0,0,0,0,0,0,0,0,0,0,0,0
"POLR2H",0.0536480349739883,0.168085364804012,0.205576570390083,0.793063818611681,0.129309645252639,0.386561433044833,0.119712426956102,0.159438210751035,0.123663224081902,0.14188660175998,0.0958475706475065,0,0.178829178013958,0,0.231066031685802,0,0.215938782795065,0,0,0
"PPP1R1B",0,0.123628314619829,1.09580612559742,0.0159283682811954,0.0871925092592575,0,0,0.00767555000895297,1.00582111763405,0,0,0,0,0,0.0871432124685913,0,0,0,0,0
"PPY",0.145258498142323,0,0.00491455588435716,0.015254927991102,0,0,0,0.00562485020744836,0,0,0,5.10232502625009,0,0,0,0,0,0,0,0
"PRF1",0,0.0049124041708699,0.00490246535317602,0.0106669085194582,0,0,0,0,0,0.0272968387894663,0.101896905642916,0,0,0,0,0,1.55714620185277,0,0,0
"PRG4",0,0,0,0,0,0,0,0,0,0,0,1.61789750728753,0,0,0,0,0,0,0,0.910548006151938
"PROK2",0,0,0.00402334594890272,0,0,0,0,0,0,0,0,0,0,0,0,0.142893908519408,0,1.25992658980157,0,0
"PRRT1",0,0.0116593020595882,0.0114675385980998,0.00525917456581754,0.0308502469238217,0.0267002783320306,0,0.0192294875918579,0,0,0.144242470902187,0,0,0,0,0,0,0,0.360178187357117,0
"PRSS1",6.52619436176407,0.132377458127292,0.126220737783895,0.143971552137647,0.115391376241763,0.0286790257194685,0.0882326152402247,0.103821667335702,0.108574297620732,0,0.130047407688801,0,0,0,0,0,0,0,0,0
"PRSS2",6.45618719099008,0.122125447652635,0.0949317701281647,0.187507005472867,0.0740644010281588,0.0327353549354818,0.0882326152402247,0.0661433236642938,0,0,0,0,0.118773101165707,0,0,0,0,0,0,0
"PSMD2",0.0536480349739883,0.457534123928164,0.378526304313847,1.26498337728451,0.379303589328127,0.727110283919866,0.998056338374171,0.19220118552322,0.171333407726728,0.360526348614047,0,0.405494431471573,0.11696587156894,0.174842604020779,0.13051460628894,0.0821663921204885,0.118373677189537,0.353610722292576,0.102347670692852,1.09155653862022
"PTCRA",0,0,0,0,0,0,0,0,0,0,0.31602412231118,0,0,0,0,0,0,0,0,0
"PTF1A",0.182467213269672,0,0,0,0,0,0,0,0,0,0,0,0,0,0,0,0,0,0,0
"PTGS2",0,0.0285644131639578,0.0230217205916149,1.15682329419509,0.0182827483967116,1.02741670651829,0,0.0181468955552865,0,0.1897512700129,0,0,0.161611970833799,0.654792746088985,2.08947040408473,0.506604599819602,0,1.42668110301118,0,0
"PTPRN",0,0,0,0,0,0,0,0,0,0,0,1.50135468368152,0,0,0,0,0,0,0,0.52319133892656
"PTPRO",0,0,0,0,0,0,0.409625498467632,0,0,0.148338456389043,0,0,0,0.0934014790058672,0,0,0,0,0,0
"PTPRR",0,0.0201635519254066,0.0329338546157252,0.341275414974865,0.0306181837622532,0.0114236847841453,0,0.0693219538486469,0,0,0,0,0,0,0.114054246726738,0,0,0,0,0
"PTPRT",0,0.0046892012059396,0,0,0.00431588279551856,0,0,0.00685617230471509,0.727998500010366,0,0,0,0,0,0,0,0,0,0,0
"RAMP2",0,0,0,0,0.00599204726482026,0,0,0,0,0,0.182933214129195,0,1.88121258950247,0,0,0,0,0,0,0
"RAMP3",0,0,0,0,0.00808027617342046,0,0,0,0,0,0,0,1.4672752307251,0,0,0,0,0,0,0
"RARRES1",0,0.455779528943951,0.443648501484471,0.224004521507167,0.949010942144949,0.0702661065257087,0,0.462251273755533,0.115862989121238,0,0,0,0,0,0,0,0,0,0,0.708745185215189
"RASSF4",0,0.00802268776383558,0.0122876053602733,0,0,0.0689920900682935,1.03134304986705,0.0243022424863875,0,0.731092088864371,0,0,0,0.393317194507481,0,0.17161430741925,0,0,0,0
"RBPJL",0.266449111160951,0,0.00191066656095207,0,0,0,0,0,0,0,0,0,0,0,0,0,0,0,0,0
"RD3",0,0,0,0,0,0,0,0,0,0,0,0,0,0,0.252534781188207,0,0,0,0,0
"REG3G",4.35379931942087,0,0.467289720986832,0,0.0107739372526643,0,0,0,0,0,0,0,0,0,0,0,0,0,0,0
"RETN",0,0,0,0,0,0,0,0,0,0,0,0,0,0.0523402812671588,0,0.644994883096752,0,0.0964919812104008,0,0
"RFLNA",0,0,0.00262158712839319,0.288339546683476,0,0.0513825979119639,0,0,0.0653989819972972,0,0,0,0,0,0,0,0,0,0,0
"RGL4",0,0.00492750143574264,0,0,0.00552296016193156,0,0,0.0234228821538414,0,0,0,0,0,0,0,0,0.155131524211921,0.661102587464884,0,0
"RGS11",0,0.00265840217313975,0.00176912762782036,0,0,0,0,0,0,0,0,0,0,0,0,0,0.0581211180995819,0,0,0
"RGS13",0,0.00269753917568245,0.00472224719812503,0,0.00467720089926296,0,0,0.0139658991101407,2.29367781481245,0,0,0,0,0.0824695870308089,1.63435353832609,0.122404075514456,0,0,0,0
"RGS14",0,0.130539025200945,0.164710296779454,0.0926485500004902,0.194639194206885,0.1580571075741,0.264901921958537,0.094357212054865,0.123975099550407,0,0.123630897568509,0,0,0.0726127541774685,0,0,0.0896305425776394,0.262021634263052,0,0
"RHOBTB3",0.342663502439444,0.0235305942086091,0.0147651414458054,0.0927309487094732,0.0223906845149652,0.656434511704496,0.323865348270577,0.0205880534419546,0,0.189859924784941,0,1.98615744319908,0,0.193540216959841,1.07252741768671,0,0,0,0,1.1152726654363
"RHOJ",0,0,0.0041226939740402,0,0,0,0,0,0,0,0,0,0.984938482555345,0,0,0,0,0,0,0
"RIIAD1",0,0,0,0,0,0,0,0,0,0,0,0.405494431471573,0,0,0,0,0,0,0,0
"RNF182",0,0,0,0,0,0,0,0,0,0,0,0,0,0,0,0,0,0,0.235698383417746,0
"ROBO4",0,0,0,0,0,0,0,0,0,0,0,0,0.514104567748233,0,0,0,0,0,0,0
"RRAD",0,0.108360221187854,0.00475506063361512,0.00823133985577373,0.151763660699245,0.0642371133432528,0,0.46655571583987,0,0,0,0,0,0,0,0,0,0,0,0
"RUNDC3A",0,0.0132796738925227,0,0.0160880119390506,0.0165386996418,0,0,0.0337019939019103,0,0,0,0,0,0,0,0,0,0,0.349473798743428,0
"S100A14",0,0.752689888590341,0.671224242375433,2.30133709751378,0.475850004186229,1.36228172382094,0.0942586778062249,0.436886675927988,0.393001144324066,0.0495215459890702,0,0,0.23305982027792,0,0.101168300419289,0.156633224205693,0.0471614748266785,0,0.102347670692852,0
"S100A2",0,0.0519265132658493,0.0361836539677021,0.0916349992044767,0.0127813229799349,0.810323815172395,0,0.0302755664870079,0,0,0,0,0.658706445972797,0,0,0,0,0,0,0
"S100A4",0,0.067656643193673,0.042534793229462,0.63188187626957,0.0541799096580897,2.80859062320734,1.53587466981317,0.0793808502561743,0.0624742868199,0.995164065971996,1.32498335496476,0,0.122241762588028,0.74188846728795,1.34637278731019,1.93047696896759,1.8145007031613,2.80070135495801,0,0.449343842988183
"S100A6",0.0536480349739883,4.12938719510152,3.60440866343177,4.65316002140891,3.75154527101835,4.45173105088391,1.18508327381277,3.76390621263727,2.49794245200375,0.70882939433414,2.14491105686702,1.61535679368966,2.15922496338747,1.69895716535497,1.53392064651264,2.7078716056824,2.0258753954357,3.00181103721503,0.558026180454625,2.62430728080288
"S100B",0,0,0,0,0,0,0.56759203160857,0,0,0.127807590173048,0.286071276550053,0,0,0,0,0,0,0,0,0
"S100P",0,0.629677757240438,0.0882175611356884,2.13778401388596,0.192113450477174,2.33168365165247,0,0.220356881321283,0,0,0,0,0.245805477348941,0.156001541458269,0,0,0,0.80447076616141,0.140960274393129,0
"S1PR1",0,0,0,0,0,0,0,0,0,0,0,0,1.23637070159733,0,0.31278003114527,0,0.1080408583151,0.125644548027559,0,0
"SAA1",0,0.0691983911836428,0.0207665395492082,0.188271265374675,0.0255831607947269,0.944481575738439,0,0.0583686377966846,0,0,0,0,0.125931388997316,0.105278617370409,0,0,0,0,0,0
"SAA2",0,0.0529977255117718,0.0115559206636938,0.117572026117289,0.00824047854113678,0.827855479070132,0,0.056244038539669,0,0,0,0,0,0,0,0,0,0,0,0
"SAT1",0.272092390069388,1.7583895441172,1.64199043611818,2.14810182144321,1.98237239903257,1.30930080628746,2.36318352328411,3.03514919937206,0.961368503701238,3.30140363232481,0.904396978186028,0.59312257897763,1.30075845288106,3.51167804121251,2.52831939753885,3.67251743023935,0.489051123353468,3.57525281561137,0.187144018359793,1.08160947375743
"SCEL",0,0.022441868489289,0,0.0516929141206301,0.0167613325536444,0.492377337935885,0,0.0499640253417556,0,0,0,0,0,0,0,0,0,0,0,0
"SCG2",0,0,0.00686310006290453,0,0,0,0,0,0,0,0,2.34366333185433,0,0,0,0,0,0,0,0
"SCG3",0,0,0,0,0,0,0,0,0,0,0,2.27593546631476,0,0,0,0,0,0,0,0
"SCG5",0,0.00586484374667575,0,0,0,0,0,0,0,0,0,2.07987857119871,0,0,0,0,0,0,0,0
"SCTR",0,0.0105954271381273,0.477557001349253,0.0933121890292677,0.043340206289912,0,0,0.0418917751040158,0,0,0,0,0,0,0,0,0,0,0.118000763571294,0
"SDC2",0,0.00504681036981151,0.00500119591046646,0,0.0140147552225974,0.00936556182125676,0.137358611180328,0.00625325430314916,1.51354231781907,0.115430062991445,0,0.59312257897763,0,0.547000309270426,0,1.09630653190492,0,0,0,0
"SELL",0,0.0287464463866286,0.0385192355681691,0.0184524003654771,0.0264900059259762,0.013224761682315,0,0,0,0.0649576813908219,1.34147847733823,0,0.2245203342855,0.195262993350908,0,0.167183136992669,0.236188956863436,2.57885717818392,0,0
"SELP",0,0,0.00277069257408902,0,0,0,0,0,0,0,0,0,0.833833682899947,0,0,0,0,0,0,0
"SEMA3C",0,0.109741289630396,0.0669143266844826,0.0335388015388367,0.0550975960019995,0.772998492589927,0,0.0860140938195543,0,0,0,0,0,0.214594209092131,0,0.122667973071608,0,0.131579088424482,0,0
"SEMA7A",0,0.0856250532641194,0.00278751693597021,0.132158549381846,0.0457533945731068,0.97562797468574,0.111309072027649,0.17277848229874,0.226215741307336,0.0866891105589688,0.899848548351462,0,0.122241762588028,0.0770077354249146,0.77327382676881,0,0.0867386643225691,0,0,0.449343842988183
"1-Sep",0,0.00643033308749944,0.0134676267637814,0,0.00205812284198734,0,0,0.00631439751715496,0,0,0,0,0,0,0,0,0.742178099754111,0,0,0
"SERPINA1",0.0783530184250681,2.64406005748371,3.88964555940873,0.923005464607482,2.97244429752632,1.57343518822391,1.09409708784636,1.85603726541011,2.20226041683162,1.3626710462137,0.123630897568509,0,0.397894549140401,1.64034080617427,0.0871432124685913,1.91129223996459,0.122307810025408,1.86608980183589,0.531257441576727,0.362066334561813
"SERPINA6",0,0.203343424833119,0.578463054928083,0,0.24834911623142,0,0,0.120876317086586,0,0,0,0,0,0,0,0,0,0,0,0
"SERPINB3",0,0.0157859279200468,0.04283686315839,0.392091469357701,0.0462410990960248,0.0193290309364687,0,0.0154244942416334,0,0,0,0,0,0,0,0,0,0,0.118000763571294,0
"SERPINB5",0,0.200234226507002,0,0.673873656420069,0.0344654920102286,0.696020396715595,0.0882326152402247,0.0306795621092146,0,0,0.133544998447338,0,0.440617379614667,0,0,0,0,0,0,0
"SERPINE1",0,0.0266024187043324,0.00662996018346327,0.0875322185142756,0.044323149131531,0.586271036509812,0,0.0303165915267202,0,0,0,0,1.17380664126322,0.0523402812671588,0,0.131269647625943,0,0,0.0691432547884994,0.64197152639098
"SERPINF1",0.084442028646773,0,0.000629701631123814,0,0,0.0108209765550414,0.665725245293968,0.00794489254474437,0,0.559043397358455,1.54268157887348,0,0,0,0,0,0,0,0,2.36035718249537
"SERPINI2",0.417045108116864,0,0,0,0,0,0,0,0,0,0,0,0,0,0,0,0,0,0,0
"SFRP2",0,0,0,0,0,0.00568455896143459,0,0,0,0,0,0,0,0,0,0,0,0,0,1.29936498436324
"SFRP4",0,0,0,0,0,0,0,0,0.0548010421688336,0,0,0,0,0,0,0,0,0,0,2.12215493053013
"SFTA2",0,0.828783303911441,0.285686949811868,0.409790316934343,0.492533379762737,0.811745908516555,0,0.333496733155703,0,0,0,0,0.188683088933015,0.0752390201986809,0.0907531051769553,0.0863447217676863,0,0,0,0
"SH2D6",0,0.00683946964222782,0.0165312324933738,0,0.00660465163443793,0.0057591874232232,0,0,2.69724144481383,0,0,0,0,0,0,0,0,0,0,0
"SH2D7",0,0,0.00634579598850448,0,0.00467720089926296,0,0,0,1.29330601465999,0,0,0,0,0,0,0,0,0,0,0
"SHD",0,0,0,0,0,0,0,0,0,0,0.321369898740514,0,0,0,0,0,0,0,0,0
"SIT1",0,0,0,0,0,0,0,0,0,0,0.0958475706475065,0,0,0.105038272306076,0,0,0.807802150992424,0,0,0
"SLAMF7",0,0.0178500274603069,0.00662105518921329,0.0193313055807412,0.0223542830528446,0.0183000336690895,0.111309072027649,0.0069295308077914,0,0.0414208405581879,1.07375788142749,0,0,0.0770077354249146,0,0,0.154190740328148,0,0,0
"SLC12A3",0,0,0,0,0,0,0,0,0,0,0.274127979369862,0,0,0,0,0,0,0,0,0
"SLC18A2",0,0.00225429489116059,0,0,0,0,0,0,0,0,0,0,0,0,3.1867465358069,0,0,0,0,0
"SLC1A3",0,0,0,0,0,0,0.0882326152402247,0,0,0.626776990103592,0,0,0,0.278923314752193,0,0.0557129207033823,0,0.226021433630908,0,0
"SLC2A12",0,0.0703473303204577,0.0138359772229204,0.00955108257898484,0.058535748914551,0.00812742530608624,0,0.0433426155537052,0,0,0,0,0,0,0,0,0,0,0,0
"SLC30A8",0,0,0,0,0,0,0,0,0,0,0,1.17622362006286,0,0,0,0,0,0,0,0
"SLC35F3",0.0392543203071125,0,0,0,0,0,0,0,0,0,0.273226177298159,0,0,0,0,0,0,0,0,0
"SLC3A1",0,0.0903687233003597,0.737298799730472,0.0093809996485332,0.271710818572407,0.00735138543119868,0,0.143731669934047,0.0498301686618826,0,0,0,0,0,0,0,0,0,0,0
"SLC40A1",0,0.655370691799271,1.48406531212316,0.654613265091863,0.948593784085819,0.697534117134781,0.116439077272934,0.540368517893389,0.129039026707443,0.299132456221953,0,0,0,0.190473568624728,0,0,0,0,0,0
"SLC4A1",0,0.0219079743445202,0.0269297860936593,0.0300455208181154,0.00432439311038213,0.0163899493420011,0,0.0189745129327349,0,0.0354474190443897,0,0,0,0,0,0,0,0,0.785141907341606,0
"SLC4A4",0,0.940132183360296,1.93263581942711,0.039785969476946,1.12051208454625,0,0,1.00840530523683,0.437524856219919,0.0340364755092555,0,0.405494431471573,0,0,0,0.122404075514456,0.0563293232407763,0,0.118000763571294,0
"SLC7A14",0,0,0,0,0,0,0,0,0,0,0,0.405494431471573,0,0,0,0,0,0,0,0
"SLC9A3R1",0.0221044185935683,1.56218690887142,1.03712162553466,0.899392654551691,1.32079207623431,0.773712659307738,0.0632637998557001,1.37238771507805,0.6338824235472,0.096654494460667,0.488969021297709,0,0,0.102871249764953,0.312717008474085,0,0.597914840702671,0.254585527957505,0.0691432547884994,0.189947983457222
"SLCO2B1",0,0.00255451595585285,0.00222850669974529,0.0209606426268924,0,0.00636371536316346,1.40804812290935,0,0,2.03785891290321,0.123630897568509,0,0,1.36170481553094,0.0871432124685913,0.20356600337901,0,0,0,0
"SLITRK1",0,0,0,0,0,0,0,0,0,0,0,0.405494431471573,0,0,0,0,0,0,0,0
"SMAD9",0,0,0,0,0.0116324349403626,0,0,0,0.651437860877626,0,0,0,0,0,0,0,0,0,0,0
"SNCG",0,0.0402087050111924,0.016876466911262,0.0319670668102599,0.0334237111672672,0.877183101484767,0,0,0,0,0,0,0.424364773792471,0,0,0,0,0,0,0
"SOD1",0,2.11332987586727,1.95095522231216,1.04000047629388,2.05038737797881,0.602017648766934,0.574536410942497,1.11104487989698,0.801614809092881,0.427233020952368,0.9361634742889,0,0.559979722298998,0.635168164460449,1.10322789896554,0.0862566237744185,0.820574467753334,0.11654266314285,0.102347670692852,0
"SOX17",0,0,0,0,0,0,0,0,0,0,0,0,0.703297979956212,0,0,0,0,0,0,0
"SOX18",0,0,0,0,0.00599204726482026,0,0,0,0,0,0,0,1.37030499035803,0,0,0,0,0,0,0
"SP140",0,0.00764712650944655,0.00448422541860307,0,0.00811986489986953,0.0275295632090957,0.565530564968021,0,0,0,0.28483011977211,0,0,0.110221374978384,0,0.0904125825340387,0.134381110764815,0,0,0
"SPARC",0,0,0.00712281236047531,0,0.00599204726482026,0,0,0.00682375243379035,0,0,0,0,2.59983893554644,0.107823917874698,0.108409752085769,0,0,0,0,3.88530851968077
"SPARCL1",0,0,0,0,0,0,0,0,0,0,0,0,1.78932550804573,0,0,0,0,0,0,0.959822826350722
"SPI1",0,0.00763617605417944,0.00831206625160865,0.00380632162423219,0.0123584926057834,0.00391722886236553,1.80445047777845,0,0.0607722221295085,1.71493755956749,0.851823707161928,0,0,1.75157545031683,0.542040236821875,2.03713629712992,0,2.26284764410821,0,0
"SPIB",0,0.00285613995680532,0.0105968923353077,0,0.0208711276796191,0.0190198616753236,0.111309072027649,0.0088298812489478,2.25180733543915,0.0585449482885944,1.73139664150728,0,0,0,0,0,0.0582882535892281,0,0,0
"SPON1",0,0,0,0,0,0,0,0,0,0,0,0,0.20054939495045,0,0,0,0,0,0,1.30993029117061
"SPP1",0,2.20413634695116,2.19628621176198,0.168553902963243,3.72811755306368,0.105844749633215,3.0424480497551,2.71580960237124,0,1.17052160768565,0.123630897568509,0.405494431471573,0.875073700480919,2.829591463209,0,1.60505968447968,0.10714017585296,0,0,0
"SPRR3",0,0.749875444350222,0.151969413844167,0.666365296865877,0.626441981909105,0.0695242310953847,0,0.58365890087371,0,0,0,0,0,0,0,0,0,0,0,0
"SPX",0.128729781202773,0,0,0,0,0,0,0,0,0,0,0,0,0,0,0,0,0,0,0
"SRRM4",0,0,0,0,0,0,0,0,0,0,0,0.773288701707075,0,0,0,0,0,0,0,0
"SSR3",0.336763547988766,0.553199374282146,0.515059207421293,1.49465311045742,0.404648456432388,0.728225046300222,0.894197512983379,0.278864616763186,0.329863071157999,0.368255069279264,1.23584576245369,0,0.418367590913233,0.441025200221892,0.489757073674156,0.345575344877468,0.43594231303598,0.0870048595311382,0.0691432547884994,0.616405155921767
"STMN2",0,0.00164595575672686,0.000629701631123814,0.0091065582720414,0,0,0,0,0,0,0,2.15117953204582,0,0,0,0,0,0,0,0
"STRADB",0,0.107218957613711,0.10562664224711,0.0599839384386617,0.10973148285718,0.0688007190345801,0,0.0540162310878851,0,0.0354474190443897,0,0,0,0,0.214498865183917,0.192765200833306,0.0395771894958905,0.129111825337547,0.640007634200294,0
"SUCNR1",0,0,0.00245647817852802,0,0,0,0.0632637998557001,0.00710420372756744,1.008129462251,0.0389713893508475,0,0.773288701707075,0,0.31845601312071,0,0,0,0,0,0
"SULF1",0,0,0.00334290509161504,0,0,0,0,0,0,0,0,0,0,0,0,0,0,0,0,1.04485067030149
"SVOPL",0,0,0.00224814016867996,0,0,0.00738710001093651,0,0,0,0,0,0,0,0,0.492695427853052,0,0,0,0,0
"SYCN",3.31090705488266,0,0,0,0,0,0,0,0,0,0,0,0,0,0,0,0,0,0,0
"TAGLN3",0,0,0,0,0,0,0,0,0,0,0,0.998617010449204,0,0,0,0,0,0,0,0
"TAS1R3",0,0,0,0,0,0.0057591874232232,0,0,0.26763299967707,0,0,0,0,0,0,0,0,0,0,0
"TBC1D10C",0,0,0,0,0,0,0,0,0,0,0.101896905642916,0,0,0,0,0.0904125825340387,0.501588422661274,0.126946927150039,0,0
"TCL1A",0,0,0,0,0,0,0,0,0,0,0.775558940066573,0,0,0,0,0,0,0,0,0
"TCN1",0.0460192674465759,1.77158321708643,3.48488263809768,0.951701132023355,2.70960376315115,0.437266124728038,0.0942586778062249,2.07596624897647,0.199860304669113,0.0409132847042769,0.143991292089861,0,0.176791918922207,0.0731258982259099,0.0898547000370882,0.220004624682336,0.202653968128973,0,0.118000763571294,0
"TCTEX1D1",0,0,0,0,0,0,0.0942586778062249,0,0,0,0,0,0.122241762588028,0,0.505872335986565,0,0,0,0,0
"TESC",0.199018229042845,1.4003233658704,1.15500741197654,0.79402433957763,1.06547310799018,0.717467199900981,0.104680518415626,0.499405964518781,1.29358768846261,0.127701939224678,0,0,0.553195953689715,0.112552942748505,0.361109382624416,0,0.332424813436769,0,0.380333804018965,0
"TESPA1",0,0,0,0,0,0.00601038258274126,0,0,0,0.0666689118031742,0,0,0,0,1.52670477380415,0,0.152230417770908,0,0,0
"TFEC",0,0.00403662710993734,0.00388705830982103,0,0,0,0,0,0,0.555369324353958,0.136905949243712,0,0,0.464782065662754,0,0,0,0.125261053162673,0,0
"TFF1",0,3.24788621395759,3.15356842908927,0.303454190201212,1.45905275329862,0.274809948693202,0,1.16836650273912,0.181048688967509,0,0.174684465403345,0,0,0.0731258982259099,0.114800119170758,0.0557129207033823,0.0587979573186413,0,0,0
"TFF2",0,3.20563987635622,1.60304589458351,0.212944762447279,0.830882389323686,0.286272613894021,0,0.880178730022888,0.0665551892841682,0,0,0,0.125931388997316,0.0441918788094265,0,0,0.0499197402155179,0.11654266314285,0,0
"TFF3",0.15355689946976,3.78040808018649,2.88839794178177,0.0685722772448814,2.42759609980725,0.0794454465781736,0.130121578534278,2.12186563683892,2.10916488128132,0.0711955107265584,0,0.405494431471573,0.176791918922207,0,0.0702382963059284,0,0.270935998369122,0.127167683419182,0,0
"TGM3",0,0.0192914958228793,0.0046905165483691,0,0.0275849409063215,0,0,0.0128383884558474,0.783071342511712,0,0,0,0.280614279329404,0,0,0,0,0,0,0
"THBS1",0.140728776705204,0.0376641477806281,0.0224673518023628,0.193770279292176,0.00931209248743588,1.07601926490637,0.50493776893403,0.0795687993391403,0.0569637608801345,1.45689347049232,0,0,0.69753363568624,2.2188634503362,2.70106220072248,1.56782887790462,0,1.56330439205738,0,2.04046336349453
"THBS2",0,0,0,0,0,0,0,0,0,0,0,0,0,0,0,0,0,0,0,2.44056646040582
"THY1",0,0,0,0,0,0,0,0,0,0,0,0,0.16646862455704,0,0,0,0,0,0,1.93516387530936
"TIE1",0,0,0.00235675712154646,0,0,0.00927447579667384,0,0.00462493608944327,0,0,0,0,1.64756597528743,0,0.544040788960031,0,0.0426668373446937,0,0,0
"TIMP3",0,0.0114244631303708,0,0.11203839630576,0.00493998836570379,0.788015534228632,0,0.0164678657764769,0.155759861743606,0,0,0,1.3588106712356,0,1.29307241584548,0,0,0,0,1.93992919010399
"TINCR",0,0.00364281513044828,0.00478744084839478,0,0.00941001943896464,0,0,0,0.488158035228578,0,0,0,0,0,0,0,0,0,0,0
"TLR10",0,0,0,0,0,0,0.316365747928438,0,0,0.101070468645721,0,0,0,0,0,0,0,0,0,0
"TM4SF1",0.567911467425925,1.89459326726656,2.11906161502012,4.09254705816758,1.67951969869896,2.79674892028462,0.0882326152402247,2.21963576553719,0.966683167476842,0.041093833025357,0.169291388884201,0,2.05319212356432,0.205987410917316,0,0.375636725014458,0.122815141052851,0,0.505823432119099,0.784403645324026
"TM4SF4",0.094709509258628,3.49732569904385,3.1287098425582,0.645502755668613,3.5735643133807,0.282701015106887,0.241911273787235,3.36734200204772,2.57299208196355,0.105219150320518,0,2.75521757566677,0.178829178013958,0.149470496179835,0.205553224347713,0.0844054038358081,0,0,0.183205909646232,0
"TMCC2",0,0.00308800413120532,0,0,0,0,0,0,0,0,0,0,0,0,0,0,0,0,0.257688778057985,0
"TMED6",0.517962678206984,0,0,0,0.00956501040460592,0.00461132299915868,0,0,0.0459677989458978,0,0,0,0,0,0,0,0,0,0,0
"TMEM100",0,0,0,0,0,0.01006977503135,0,0,0,0,0,0,0,0,0,0,0,0,0,0.987299918700558
"TMEM196",0,0,0,0,0,0,0,0,0,0,0,0.583101041085226,0,0,0,0,0,0,0,0
"TMEM52",0.265964882964797,0.00430839738046302,0.00334366751177935,0,0.00394807827435289,0.0168965523223516,0,0,0,0,0,0,0,0,0,0,0,0,0,0
"TMOD1",0,0,0,0,0.00502421357266969,0,0,0.00608133468050583,0,0,0,1.17622362006286,0,0,0.0730564573246168,0,0,0,0.0691432547884994,0
"TOX2",0,0,0,0.00380632162423219,0,0.0163140647441989,0,0,0,0,0.264673690090607,0,0,0,0,0,0,0,0,0
"TPH1",0,0,0,0,0,0,0,0,0,0,0,0.405494431471573,0,0,0,0,0,0,0,0
"TPSAB1",0,0.0064839310180796,0.00218048840974301,0,0.00485897380412883,0,0,0.00957584433696347,0,0,0,0,0,0,6.16302138764415,0,0,0,0,0
"TPSB2",0,0.00331271832943143,0.00857192357570506,0,0.00890101793044691,0,0,0,0,0,0,0,0,0.0306972450876012,6.18332181904754,0,0,0,0,0
"TPSD1",0,0,0,0,0,0,0,0,0,0,0,0,0,0,0.832235199968787,0,0,0,0,0
"TPT1",3.59583613191114,3.30875218373498,3.94333543421713,3.60660355756581,3.21919745373345,3.07265267357979,3.57373992774335,3.29554907970075,3.40051698699929,3.71678218734131,4.18654401732389,3.60026711863756,4.09710907067132,3.24000874579941,3.69244848258451,4.11505506160654,3.89997453049173,3.79799744506733,1.37146840115622,2.71546931310018
"TREM2",0,0,0,0,0,0,1.00631839193626,0,0,1.53075803965802,0,0,0,1.0570531842768,0,0.0821663921204885,0,0,0,0
"TRIM29",0,0.431278732152241,0.144281227130643,1.48313734495621,0.36716566230253,1.66022459489114,0,0.518623726738891,0,0,0,0,0.23305982027792,0,0,0,0.0471614748266785,0,0.0691432547884994,0
"TRIM58",0,0,0.00146750124701391,0,0,0,0.104680518415626,0.00647029603514344,0,0,0,0,0,0,0,0,0,0,0.745497169148321,0
"TRPM5",0,0.00510862652241643,0.0038842516660401,0,0.0286174835137691,0,0,0,2.11746339197754,0.05028002227024,0,0,0,0,0,0,0,0,0,0
"TST",0,1.5535583771951,1.29030071879549,0.464521318674953,1.32727042813083,0.50274731973787,0.436936116434569,0.813415815850926,0.444462640671683,0.0471329484715967,0,0,0,0.0766703914192145,0.0730564573246168,0,0,0,0.0691432547884994,0
"TWIST2",0,0,0,0,0,0,0,0,0,0,0,0,0,0,0,0,0,0,0,0.734930623104054
"TXN",0.260608338437961,2.28873750243509,1.63429826922985,1.9009905888958,1.77282734053572,1.85440206384156,0.51522180646783,1.6118823270504,0.875200975441768,0.283361356633103,0.994764594960492,0.405494431471573,1.18740730291768,0.879729819437745,0.541057191996126,0.343874483873916,0.789757706570568,1.29624081291243,0.102347670692852,1.17889427618248
"UCHL1",0,0.00586945622615163,0,0,0.00317881259249179,0,0.0882326152402247,0.00680233817798781,0.0969855190362649,0,0,1.57861924263481,0,0,0,0,0,0,0,0
"UGT2B17",0,0.428430044138211,0.74434023944142,0.0107626705542602,0.460056250047646,0,0,0.165086230547045,0,0,0,0,0,0,0,0,0,0,0,0
"UTF1",0,0,0,0,0,0,0.262004238832502,0,0,0,0,0,0,0,0,0.0808384152249829,0,0,0,0
"VCAN",0,0.16604628088555,0.073048426254999,0.650368826039516,0.0749991790019275,0.00684513865026175,0,0.0263041269096345,0,0.113718832579093,0,0,0,0.956858469861589,0,2.92161116485389,0,2.5518611209593,0,2.89879723589082
"VEGFC",0,0,0,0,0,0.0062667837021197,0,0,0,0,0,0,0.430805600206033,0,0,0,0,0,0,0
"VIPR2",0.150999073535067,0,0,0,0,0,0,0,0,0,0,0,0,0,0,0,0,0,0,0
"VSIG1",0,0.392252584253866,0.0534886514753596,0.143314019121055,0.0350625639650205,0.0727956333817022,0,0.0663312752383504,0,0,0,0,0,0,0,0,0,0,0,0
"VSIG4",0,0,0,0,0,0,1.62734643180081,0,0,0.958788399453244,0,0,0,1.22861648152677,0,0.506686685019488,0,0,0,0
"VWF",0,0,0,0,0,0,0,0,0,0,0,0,1.80442841733766,0,0,0,0,0,0,0
"WFDC2",0,0.970902582291412,0.840160758508519,0.61033214639509,1.79429033219774,0.281340516115208,0.255818984111904,1.68226412355851,1.10724473613882,0,0,0.773288701707075,0.105747233119793,0,0,0,0.057811358468709,0,0.0691432547884994,0
"WNT10A",0,0,0.00163918835549574,0.0851377773056719,0,0.55895795748501,0,0,0,0,0,0,0,0.0838275367809173,0,0,0,0,0,0
"WNT11",0.128894654941499,0,0,0.0151400758082941,0,0.416815534634763,0,0,0,0,0,0,0,0,0,0,0,0,0,0
"XCL1",0,0.0101678830464248,0.00209663834041675,0,0,0,0,0,0,0,0,0,0,0,0,0,0.640259398875639,0,0,0
"XCL2",0,0.0101678830464248,0,0,0,0,0,0,0,0,0,0,0,0,0,0,0.627762825726565,0,0,0
"XRCC4",0,0.0500212646624598,0.0470686115883278,0.373974137505748,0.0518387090583071,0.0379341906131691,0,0.0505320394567497,0,0,0,0,0.11696587156894,0,0,0.0863447217676863,0.0564631661789809,0.125644548027559,0,0
"ZAP70",0,0,0,0,0,0,0,0,0,0,0,0,0,0,0,0,0.64898484561721,0,0,0
"ZNF385D",0,0,0,0,0.0124900900158476,0,0,0,0,0,0,0,0.688386740650718,0,0,0,0,0,0,0
"ZNF683",0,0.0057656739752975,0.0078688339973284,0,0,0,0,0,0,0,0,0,0,0,0,0,0.960220682122347,0,0,0
